run_id,model_name,criterion,run_started_at,epoch,epoch_timestamp,train_loss,val_loss,is_best,learning_rate,epoch_duration_sec,num_params,batch_size,seed
Resnet50_fvs_Noise_std0.05_20260715_021530,Resnet50_fvs,RMSELoss,2026-07-15 02:15:30,1/200,2026-07-15 02:16:13,0.154769,0.130422,True,0.00010000,43.21,101644581,8,42
Resnet50_fvs_Noise_std0.05_20260715_021530,Resnet50_fvs,RMSELoss,2026-07-15 02:15:30,2/200,2026-07-15 02:17:03,0.124269,0.120519,True,0.00010000,43.08,101644581,8,42
Resnet50_fvs_Noise_std0.05_20260715_021530,Resnet50_fvs,RMSELoss,2026-07-15 02:15:30,3/200,2026-07-15 02:17:54,0.116547,0.118271,True,0.00010000,44.61,101644581,8,42
Resnet50_fvs_Noise_std0.05_20260715_021530,Resnet50_fvs,RMSELoss,2026-07-15 02:15:30,4/200,2026-07-15 02:18:45,0.111182,0.118719,False,0.00010000,43.16,101644581,8,42
Resnet50_fvs_Noise_std0.05_20260715_021530,Resnet50_fvs,RMSELoss,2026-07-15 02:15:30,5/200,2026-07-15 02:19:28,0.107682,0.121764,False,0.00010000,43.17,101644581,8,42
Resnet50_fvs_Noise_std0.05_20260715_021530,Resnet50_fvs,RMSELoss,2026-07-15 02:15:30,6/200,2026-07-15 02:20:11,0.106025,0.120113,False,0.00010000,42.77,101644581,8,42
Resnet50_fvs_Noise_std0.05_20260715_021530,Resnet50_fvs,RMSELoss,2026-07-15 02:15:30,7/200,2026-07-15 02:20:55,0.103632,0.111616,True,0.00010000,44.25,101644581,8,42
Resnet50_fvs_Noise_std0.05_20260715_021530,Resnet50_fvs,RMSELoss,2026-07-15 02:15:30,8/200,2026-07-15 02:21:46,0.100846,0.113646,False,0.00010000,44.18,101644581,8,42
Resnet50_fvs_Noise_std0.05_20260715_021530,Resnet50_fvs,RMSELoss,2026-07-15 02:15:30,9/200,2026-07-15 02:22:30,0.098569,0.110134,True,0.00010000,44.45,101644581,8,42
Resnet50_fvs_Noise_std0.05_20260715_021530,Resnet50_fvs,RMSELoss,2026-07-15 02:15:30,10/200,2026-07-15 02:23:20,0.097039,0.108623,True,0.00010000,43.30,101644581,8,42
Resnet50_fvs_Noise_std0.05_20260715_021530,Resnet50_fvs,RMSELoss,2026-07-15 02:15:30,11/200,2026-07-15 02:24:10,0.094425,0.110936,False,0.00010000,42.67,101644581,8,42
Resnet50_fvs_Noise_std0.05_20260715_021530,Resnet50_fvs,RMSELoss,2026-07-15 02:15:30,12/200,2026-07-15 02:24:53,0.093838,0.110259,False,0.00010000,42.73,101644581,8,42
Resnet50_fvs_Noise_std0.05_20260715_021530,Resnet50_fvs,RMSELoss,2026-07-15 02:15:30,13/200,2026-07-15 02:25:36,0.089677,0.106323,True,0.00010000,43.16,101644581,8,42
Resnet50_fvs_Noise_std0.05_20260715_021530,Resnet50_fvs,RMSELoss,2026-07-15 02:15:30,14/200,2026-07-15 02:26:25,0.087838,0.107386,False,0.00010000,42.87,101644581,8,42
Resnet50_fvs_Noise_std0.05_20260715_021530,Resnet50_fvs,RMSELoss,2026-07-15 02:15:30,15/200,2026-07-15 02:27:09,0.084555,0.105640,True,0.00010000,43.57,101644581,8,42
Resnet50_fvs_Noise_std0.05_20260715_021530,Resnet50_fvs,RMSELoss,2026-07-15 02:15:30,16/200,2026-07-15 02:27:59,0.084537,0.107939,False,0.00010000,43.29,101644581,8,42
Resnet50_fvs_Noise_std0.05_20260715_021530,Resnet50_fvs,RMSELoss,2026-07-15 02:15:30,17/200,2026-07-15 02:28:42,0.081371,0.112888,False,0.00010000,42.89,101644581,8,42
Resnet50_fvs_Noise_std0.05_20260715_021530,Resnet50_fvs,RMSELoss,2026-07-15 02:15:30,18/200,2026-07-15 02:29:26,0.079979,0.103874,True,0.00010000,44.43,101644581,8,42
Resnet50_fvs_Noise_std0.05_20260715_021530,Resnet50_fvs,RMSELoss,2026-07-15 02:15:30,19/200,2026-07-15 02:30:16,0.077479,0.104757,False,0.00010000,43.88,101644581,8,42
Resnet50_fvs_Noise_std0.05_20260715_021530,Resnet50_fvs,RMSELoss,2026-07-15 02:15:30,20/200,2026-07-15 02:31:00,0.075400,0.113974,False,0.00005000,43.19,101644581,8,42
Resnet50_fvs_Noise_std0.05_20260715_021530,Resnet50_fvs,RMSELoss,2026-07-15 02:15:30,21/200,2026-07-15 02:31:42,0.068532,0.101718,True,0.00005000,42.80,101644581,8,42
Resnet50_fvs_Noise_std0.05_20260715_021530,Resnet50_fvs,RMSELoss,2026-07-15 02:15:30,22/200,2026-07-15 02:32:32,0.064907,0.100795,True,0.00005000,43.48,101644581,8,42
Resnet50_fvs_Noise_std0.05_20260715_021530,Resnet50_fvs,RMSELoss,2026-07-15 02:15:30,23/200,2026-07-15 02:33:21,0.063231,0.104965,False,0.00005000,42.58,101644581,8,42
Resnet50_fvs_Noise_std0.05_20260715_021530,Resnet50_fvs,RMSELoss,2026-07-15 02:15:30,24/200,2026-07-15 02:34:04,0.061248,0.102252,False,0.00005000,42.61,101644581,8,42
Resnet50_fvs_Noise_std0.05_20260715_021530,Resnet50_fvs,RMSELoss,2026-07-15 02:15:30,25/200,2026-07-15 02:34:46,0.059903,0.100975,False,0.00005000,42.39,101644581,8,42
Resnet50_fvs_Noise_std0.05_20260715_021530,Resnet50_fvs,RMSELoss,2026-07-15 02:15:30,26/200,2026-07-15 02:35:30,0.059152,0.101789,False,0.00005000,43.46,101644581,8,42
Resnet50_fvs_Noise_std0.05_20260715_021530,Resnet50_fvs,RMSELoss,2026-07-15 02:15:30,27/200,2026-07-15 02:36:13,0.058520,0.101991,False,0.00005000,43.44,101644581,8,42
Resnet50_fvs_Noise_std0.05_20260715_021530,Resnet50_fvs,RMSELoss,2026-07-15 02:15:30,28/200,2026-07-15 02:36:57,0.057674,0.102575,False,0.00005000,43.52,101644581,8,42
Resnet50_fvs_Noise_std0.05_20260715_021530,Resnet50_fvs,RMSELoss,2026-07-15 02:15:30,29/200,2026-07-15 02:37:40,0.057055,0.101701,False,0.00005000,43.48,101644581,8,42
Resnet50_fvs_Noise_std0.05_20260715_021530,Resnet50_fvs,RMSELoss,2026-07-15 02:15:30,30/200,2026-07-15 02:38:24,0.056225,0.102692,False,0.00005000,43.78,101644581,8,42
Resnet50_fvs_Noise_std0.05_20260715_021530,Resnet50_fvs,RMSELoss,2026-07-15 02:15:30,31/200,2026-07-15 02:39:07,0.054127,0.102608,False,0.00005000,43.19,101644581,8,42
Resnet50_fvs_Noise_std0.05_20260715_021530,Resnet50_fvs,RMSELoss,2026-07-15 02:15:30,32/200,2026-07-15 02:39:50,0.053673,0.101202,False,0.00005000,42.70,101644581,8,42
Resnet50_fvs_Noise_std0.05_20260715_021530,Resnet50_fvs,RMSELoss,2026-07-15 02:15:30,33/200,2026-07-15 02:40:33,0.052135,0.102692,False,0.00005000,43.08,101644581,8,42
Resnet50_fvs_Noise_std0.05_20260715_021530,Resnet50_fvs,RMSELoss,2026-07-15 02:15:30,34/200,2026-07-15 02:41:16,0.052035,0.101724,False,0.00005000,42.78,101644581,8,42
Resnet50_fvs_Noise_std0.05_20260715_021530,Resnet50_fvs,RMSELoss,2026-07-15 02:15:30,35/200,2026-07-15 02:41:59,0.051466,0.102306,False,0.00005000,42.94,101644581,8,42
Resnet50_fvs_Noise_std0.05_20260715_021530,Resnet50_fvs,RMSELoss,2026-07-15 02:15:30,36/200,2026-07-15 02:42:41,0.050207,0.103699,False,0.00005000,42.42,101644581,8,42
Resnet50_fvs_Noise_std0.05_20260715_021530,Resnet50_fvs,RMSELoss,2026-07-15 02:15:30,37/200,2026-07-15 02:43:25,0.049492,0.103379,False,0.00005000,43.33,101644581,8,42
Resnet50_fvs_Noise_std0.05_20260715_021530,Resnet50_fvs,RMSELoss,2026-07-15 02:15:30,38/200,2026-07-15 02:44:08,0.049396,0.102595,False,0.00005000,43.26,101644581,8,42
Resnet50_fvs_Noise_std0.05_20260715_021530,Resnet50_fvs,RMSELoss,2026-07-15 02:15:30,39/200,2026-07-15 02:44:52,0.048674,0.103028,False,0.00005000,43.73,101644581,8,42
Resnet50_fvs_Noise_std0.05_20260715_021530,Resnet50_fvs,RMSELoss,2026-07-15 02:15:30,40/200,2026-07-15 02:45:36,0.047193,0.102248,False,0.00002500,43.96,101644581,8,42
Resnet50_fvs_Noise_std0.05_20260715_021530,Resnet50_fvs,RMSELoss,2026-07-15 02:15:30,41/200,2026-07-15 02:46:20,0.044361,0.099660,True,0.00002500,44.60,101644581,8,42
Resnet50_fvs_Noise_std0.05_20260715_021530,Resnet50_fvs,RMSELoss,2026-07-15 02:15:30,42/200,2026-07-15 02:47:10,0.042376,0.101700,False,0.00002500,43.12,101644581,8,42
Resnet50_fvs_Noise_std0.05_20260715_021530,Resnet50_fvs,RMSELoss,2026-07-15 02:15:30,43/200,2026-07-15 02:47:52,0.042057,0.101230,False,0.00002500,42.18,101644581,8,42
Resnet50_fvs_Noise_std0.05_20260715_021530,Resnet50_fvs,RMSELoss,2026-07-15 02:15:30,44/200,2026-07-15 02:48:34,0.041074,0.101305,False,0.00002500,42.19,101644581,8,42
Resnet50_fvs_Noise_std0.05_20260715_021530,Resnet50_fvs,RMSELoss,2026-07-15 02:15:30,45/200,2026-07-15 02:49:17,0.040899,0.101807,False,0.00002500,43.15,101644581,8,42
Resnet50_fvs_Noise_std0.05_20260715_021530,Resnet50_fvs,RMSELoss,2026-07-15 02:15:30,46/200,2026-07-15 02:50:00,0.040640,0.101609,False,0.00002500,42.86,101644581,8,42
Resnet50_fvs_Noise_std0.05_20260715_021530,Resnet50_fvs,RMSELoss,2026-07-15 02:15:30,47/200,2026-07-15 02:50:44,0.039991,0.100097,False,0.00002500,43.31,101644581,8,42
Resnet50_fvs_Noise_std0.05_20260715_021530,Resnet50_fvs,RMSELoss,2026-07-15 02:15:30,48/200,2026-07-15 02:51:26,0.039281,0.102174,False,0.00002500,42.43,101644581,8,42
Resnet50_fvs_Noise_std0.05_20260715_021530,Resnet50_fvs,RMSELoss,2026-07-15 02:15:30,49/200,2026-07-15 02:52:10,0.038823,0.101372,False,0.00002500,43.60,101644581,8,42
Resnet50_fvs_Noise_std0.05_20260715_021530,Resnet50_fvs,RMSELoss,2026-07-15 02:15:30,50/200,2026-07-15 02:52:53,0.038448,0.101193,False,0.00002500,43.38,101644581,8,42
Resnet50_fvs_Noise_std0.05_20260715_021530,Resnet50_fvs,RMSELoss,2026-07-15 02:15:30,51/200,2026-07-15 02:53:37,0.037937,0.101386,False,0.00002500,44.00,101644581,8,42
Resnet50_fvs_Noise_std0.05_20260715_021530,Resnet50_fvs,RMSELoss,2026-07-15 02:15:30,52/200,2026-07-15 02:54:21,0.037788,0.101224,False,0.00002500,44.39,101644581,8,42
Resnet50_fvs_Noise_std0.05_20260715_021530,Resnet50_fvs,RMSELoss,2026-07-15 02:15:30,53/200,2026-07-15 02:55:05,0.037311,0.100730,False,0.00002500,43.54,101644581,8,42
Resnet50_fvs_Noise_std0.05_20260715_021530,Resnet50_fvs,RMSELoss,2026-07-15 02:15:30,54/200,2026-07-15 02:55:48,0.036943,0.100849,False,0.00002500,42.78,101644581,8,42
Resnet50_fvs_Noise_std0.05_20260715_021530,Resnet50_fvs,RMSELoss,2026-07-15 02:15:30,55/200,2026-07-15 02:56:30,0.036606,0.100909,False,0.00002500,42.13,101644581,8,42
Resnet50_fvs_Noise_std0.05_20260715_021530,Resnet50_fvs,RMSELoss,2026-07-15 02:15:30,56/200,2026-07-15 02:57:12,0.036195,0.101661,False,0.00002500,42.40,101644581,8,42
Resnet50_fvs_Noise_std0.05_20260715_021530,Resnet50_fvs,RMSELoss,2026-07-15 02:15:30,57/200,2026-07-15 02:57:55,0.035733,0.101477,False,0.00002500,43.17,101644581,8,42
Resnet50_fvs_Noise_std0.05_20260715_021530,Resnet50_fvs,RMSELoss,2026-07-15 02:15:30,58/200,2026-07-15 02:58:39,0.035150,0.101125,False,0.00002500,43.18,101644581,8,42
Resnet50_fvs_Noise_std0.05_20260715_021530,Resnet50_fvs,RMSELoss,2026-07-15 02:15:30,59/200,2026-07-15 02:59:21,0.035017,0.101436,False,0.00002500,42.77,101644581,8,42
Resnet50_fvs_Noise_std0.05_20260715_021530,Resnet50_fvs,RMSELoss,2026-07-15 02:15:30,60/200,2026-07-15 03:00:05,0.034505,0.101916,False,0.00001250,43.38,101644581,8,42
Resnet50_fvs_Noise_std0.05_20260715_021530,Resnet50_fvs,RMSELoss,2026-07-15 02:15:30,61/200,2026-07-15 03:00:48,0.032836,0.101583,False,0.00001250,43.63,101644581,8,42
Resnet50_fvs_Noise_std0.05_20260715_021530,Resnet50_fvs,RMSELoss,2026-07-15 02:15:30,62/200,2026-07-15 03:01:33,0.032091,0.101477,False,0.00001250,44.16,101644581,8,42
Resnet50_fvs_Noise_std0.05_20260715_021530,Resnet50_fvs,RMSELoss,2026-07-15 02:15:30,63/200,2026-07-15 03:02:17,0.031741,0.101621,False,0.00001250,43.97,101644581,8,42
Resnet50_fvs_Noise_std0.05_20260715_021530,Resnet50_fvs,RMSELoss,2026-07-15 02:15:30,64/200,2026-07-15 03:03:00,0.031471,0.101617,False,0.00001250,43.63,101644581,8,42
Resnet50_fvs_Noise_std0.05_20260715_021530,Resnet50_fvs,RMSELoss,2026-07-15 02:15:30,65/200,2026-07-15 03:03:43,0.031125,0.101123,False,0.00001250,43.15,101644581,8,42
Resnet50_fvs_Noise_std0.05_20260715_021530,Resnet50_fvs,RMSELoss,2026-07-15 02:15:30,66/200,2026-07-15 03:04:26,0.031011,0.101163,False,0.00001250,42.83,101644581,8,42
Resnet50_fvs_Noise_std0.05_20260715_021530,Resnet50_fvs,RMSELoss,2026-07-15 02:15:30,67/200,2026-07-15 03:05:09,0.030682,0.101751,False,0.00001250,42.97,101644581,8,42
Resnet50_fvs_Noise_std0.05_20260715_021530,Resnet50_fvs,RMSELoss,2026-07-15 02:15:30,68/200,2026-07-15 03:05:52,0.030396,0.101689,False,0.00001250,43.10,101644581,8,42
Resnet50_fvs_Noise_std0.05_20260715_021530,Resnet50_fvs,RMSELoss,2026-07-15 02:15:30,69/200,2026-07-15 03:06:35,0.030298,0.101132,False,0.00001250,43.02,101644581,8,42
Resnet50_fvs_Noise_std0.05_20260715_021530,Resnet50_fvs,RMSELoss,2026-07-15 02:15:30,70/200,2026-07-15 03:07:18,0.029892,0.101204,False,0.00001250,42.80,101644581,8,42
Resnet50_fvs_Noise_std0.05_20260715_021530,Resnet50_fvs,RMSELoss,2026-07-15 02:15:30,71/200,2026-07-15 03:08:01,0.029729,0.101377,False,0.00001250,43.33,101644581,8,42
Resnet50_fvs_Noise_std0.05_20260715_021530,Resnet50_fvs,RMSELoss,2026-07-15 02:15:30,72/200,2026-07-15 03:08:45,0.029385,0.101402,False,0.00001250,43.66,101644581,8,42
Resnet50_fvs_Noise_std0.05_20260715_021530,Resnet50_fvs,RMSELoss,2026-07-15 02:15:30,73/200,2026-07-15 03:09:29,0.029287,0.101506,False,0.00001250,43.91,101644581,8,42
Resnet50_fvs_Noise_std0.05_20260715_021530,Resnet50_fvs,RMSELoss,2026-07-15 02:15:30,74/200,2026-07-15 03:10:12,0.029082,0.101673,False,0.00001250,43.05,101644581,8,42
Resnet50_fvs_Noise_std0.05_20260715_021530,Resnet50_fvs,RMSELoss,2026-07-15 02:15:30,75/200,2026-07-15 03:10:55,0.028635,0.101898,False,0.00001250,43.18,101644581,8,42
Resnet50_fvs_Noise_std0.05_20260715_021530,Resnet50_fvs,RMSELoss,2026-07-15 02:15:30,76/200,2026-07-15 03:11:38,0.028806,0.101255,False,0.00001250,42.29,101644581,8,42
Resnet50_fvs_Noise_std0.05_20260715_021530,Resnet50_fvs,RMSELoss,2026-07-15 02:15:30,77/200,2026-07-15 03:12:20,0.028400,0.101597,False,0.00001250,42.63,101644581,8,42
Resnet50_fvs_Noise_std0.05_20260715_021530,Resnet50_fvs,RMSELoss,2026-07-15 02:15:30,78/200,2026-07-15 03:13:02,0.028666,0.101569,False,0.00001250,42.03,101644581,8,42
Resnet50_fvs_Noise_std0.05_20260715_021530,Resnet50_fvs,RMSELoss,2026-07-15 02:15:30,79/200,2026-07-15 03:13:45,0.027700,0.101383,False,0.00001250,42.78,101644581,8,42
Resnet50_fvs_Noise_std0.05_20260715_021530,Resnet50_fvs,RMSELoss,2026-07-15 02:15:30,80/200,2026-07-15 03:14:28,0.028293,0.101657,False,0.00000625,43.06,101644581,8,42
Resnet50_fvs_Noise_std0.05_20260715_021530,Resnet50_fvs,RMSELoss,2026-07-15 02:15:30,81/200,2026-07-15 03:15:11,0.026905,0.101528,False,0.00000625,42.84,101644581,8,42
Resnet50_fvs_Noise_std0.05_20260715_021530,Resnet50_fvs,RMSELoss,2026-07-15 02:15:30,82/200,2026-07-15 03:15:54,0.026465,0.101427,False,0.00000625,42.99,101644581,8,42
Resnet50_fvs_Noise_std0.05_20260715_021530,Resnet50_fvs,RMSELoss,2026-07-15 02:15:30,83/200,2026-07-15 03:16:37,0.026275,0.101988,False,0.00000625,43.38,101644581,8,42
Resnet50_fvs_Noise_std0.05_20260715_021530,Resnet50_fvs,RMSELoss,2026-07-15 02:15:30,84/200,2026-07-15 03:17:22,0.026174,0.101904,False,0.00000625,44.33,101644581,8,42
Resnet50_fvs_Noise_std0.05_20260715_021530,Resnet50_fvs,RMSELoss,2026-07-15 02:15:30,85/200,2026-07-15 03:18:06,0.025863,0.101782,False,0.00000625,44.16,101644581,8,42
Resnet50_fvs_Noise_std0.05_20260715_021530,Resnet50_fvs,RMSELoss,2026-07-15 02:15:30,86/200,2026-07-15 03:18:50,0.025741,0.101423,False,0.00000625,44.09,101644581,8,42
Resnet34_fvs_Noise_std0.05_20260715_031850,Resnet34_fvs,RMSELoss,2026-07-15 03:18:50,1/200,2026-07-15 03:19:32,0.151742,0.123219,True,0.00010000,41.52,97848357,8,42
Resnet34_fvs_Noise_std0.05_20260715_031850,Resnet34_fvs,RMSELoss,2026-07-15 03:18:50,2/200,2026-07-15 03:20:20,0.121259,0.121293,True,0.00010000,41.66,97848357,8,42
Resnet34_fvs_Noise_std0.05_20260715_031850,Resnet34_fvs,RMSELoss,2026-07-15 03:18:50,3/200,2026-07-15 03:21:07,0.116407,0.125320,False,0.00010000,40.60,97848357,8,42
Resnet34_fvs_Noise_std0.05_20260715_031850,Resnet34_fvs,RMSELoss,2026-07-15 03:18:50,4/200,2026-07-15 03:21:48,0.112418,0.115708,True,0.00010000,41.53,97848357,8,42
Resnet34_fvs_Noise_std0.05_20260715_031850,Resnet34_fvs,RMSELoss,2026-07-15 03:18:50,5/200,2026-07-15 03:22:37,0.110178,0.119008,False,0.00010000,41.82,97848357,8,42
Resnet34_fvs_Noise_std0.05_20260715_031850,Resnet34_fvs,RMSELoss,2026-07-15 03:18:50,6/200,2026-07-15 03:23:19,0.108525,0.114032,True,0.00010000,42.29,97848357,8,42
Resnet34_fvs_Noise_std0.05_20260715_031850,Resnet34_fvs,RMSELoss,2026-07-15 03:18:50,7/200,2026-07-15 03:24:08,0.105207,0.109803,True,0.00010000,41.83,97848357,8,42
Resnet34_fvs_Noise_std0.05_20260715_031850,Resnet34_fvs,RMSELoss,2026-07-15 03:18:50,8/200,2026-07-15 03:24:56,0.104296,0.112333,False,0.00010000,41.79,97848357,8,42
Resnet34_fvs_Noise_std0.05_20260715_031850,Resnet34_fvs,RMSELoss,2026-07-15 03:18:50,9/200,2026-07-15 03:25:38,0.101330,0.111545,False,0.00010000,42.13,97848357,8,42
Resnet34_fvs_Noise_std0.05_20260715_031850,Resnet34_fvs,RMSELoss,2026-07-15 03:18:50,10/200,2026-07-15 03:26:21,0.100838,0.112520,False,0.00010000,42.22,97848357,8,42
Resnet34_fvs_Noise_std0.05_20260715_031850,Resnet34_fvs,RMSELoss,2026-07-15 03:18:50,11/200,2026-07-15 03:27:02,0.098372,0.111736,False,0.00010000,41.40,97848357,8,42
Resnet34_fvs_Noise_std0.05_20260715_031850,Resnet34_fvs,RMSELoss,2026-07-15 03:18:50,12/200,2026-07-15 03:27:43,0.096901,0.112434,False,0.00010000,41.19,97848357,8,42
Resnet34_fvs_Noise_std0.05_20260715_031850,Resnet34_fvs,RMSELoss,2026-07-15 03:18:50,13/200,2026-07-15 03:28:25,0.094267,0.107991,True,0.00010000,41.78,97848357,8,42
Resnet34_fvs_Noise_std0.05_20260715_031850,Resnet34_fvs,RMSELoss,2026-07-15 03:18:50,14/200,2026-07-15 03:29:13,0.092520,0.107486,True,0.00010000,41.43,97848357,8,42
Resnet34_fvs_Noise_std0.05_20260715_031850,Resnet34_fvs,RMSELoss,2026-07-15 03:18:50,15/200,2026-07-15 03:30:01,0.090568,0.108701,False,0.00010000,40.69,97848357,8,42
Resnet34_fvs_Noise_std0.05_20260715_031850,Resnet34_fvs,RMSELoss,2026-07-15 03:18:50,16/200,2026-07-15 03:30:42,0.088079,0.105892,True,0.00010000,41.88,97848357,8,42
Resnet34_fvs_Noise_std0.05_20260715_031850,Resnet34_fvs,RMSELoss,2026-07-15 03:18:50,17/200,2026-07-15 03:31:32,0.086872,0.119310,False,0.00010000,42.46,97848357,8,42
Resnet34_fvs_Noise_std0.05_20260715_031850,Resnet34_fvs,RMSELoss,2026-07-15 03:18:50,18/200,2026-07-15 03:32:13,0.084960,0.106014,False,0.00010000,41.86,97848357,8,42
Resnet34_fvs_Noise_std0.05_20260715_031850,Resnet34_fvs,RMSELoss,2026-07-15 03:18:50,19/200,2026-07-15 03:32:55,0.083555,0.108249,False,0.00010000,41.45,97848357,8,42
Resnet34_fvs_Noise_std0.05_20260715_031850,Resnet34_fvs,RMSELoss,2026-07-15 03:18:50,20/200,2026-07-15 03:33:37,0.082133,0.109856,False,0.00005000,42.23,97848357,8,42
Resnet34_fvs_Noise_std0.05_20260715_031850,Resnet34_fvs,RMSELoss,2026-07-15 03:18:50,21/200,2026-07-15 03:34:20,0.076130,0.103717,True,0.00005000,42.84,97848357,8,42
Resnet34_fvs_Noise_std0.05_20260715_031850,Resnet34_fvs,RMSELoss,2026-07-15 03:18:50,22/200,2026-07-15 03:35:09,0.073252,0.102865,True,0.00005000,42.03,97848357,8,42
Resnet34_fvs_Noise_std0.05_20260715_031850,Resnet34_fvs,RMSELoss,2026-07-15 03:18:50,23/200,2026-07-15 03:35:56,0.072149,0.103814,False,0.00005000,40.91,97848357,8,42
Resnet34_fvs_Noise_std0.05_20260715_031850,Resnet34_fvs,RMSELoss,2026-07-15 03:18:50,24/200,2026-07-15 03:36:38,0.071332,0.103676,False,0.00005000,41.27,97848357,8,42
Resnet34_fvs_Noise_std0.05_20260715_031850,Resnet34_fvs,RMSELoss,2026-07-15 03:18:50,25/200,2026-07-15 03:37:19,0.069688,0.102913,False,0.00005000,41.38,97848357,8,42
Resnet34_fvs_Noise_std0.05_20260715_031850,Resnet34_fvs,RMSELoss,2026-07-15 03:18:50,26/200,2026-07-15 03:38:00,0.068713,0.104470,False,0.00005000,40.64,97848357,8,42
Resnet34_fvs_Noise_std0.05_20260715_031850,Resnet34_fvs,RMSELoss,2026-07-15 03:18:50,27/200,2026-07-15 03:38:40,0.068263,0.104234,False,0.00005000,40.47,97848357,8,42
Resnet34_fvs_Noise_std0.05_20260715_031850,Resnet34_fvs,RMSELoss,2026-07-15 03:18:50,28/200,2026-07-15 03:39:22,0.067229,0.103803,False,0.00005000,41.85,97848357,8,42
Resnet34_fvs_Noise_std0.05_20260715_031850,Resnet34_fvs,RMSELoss,2026-07-15 03:18:50,29/200,2026-07-15 03:40:04,0.066730,0.102419,True,0.00005000,42.26,97848357,8,42
Resnet34_fvs_Noise_std0.05_20260715_031850,Resnet34_fvs,RMSELoss,2026-07-15 03:18:50,30/200,2026-07-15 03:40:53,0.065729,0.102577,False,0.00005000,41.94,97848357,8,42
Resnet34_fvs_Noise_std0.05_20260715_031850,Resnet34_fvs,RMSELoss,2026-07-15 03:18:50,31/200,2026-07-15 03:41:35,0.064164,0.103496,False,0.00005000,42.34,97848357,8,42
Resnet34_fvs_Noise_std0.05_20260715_031850,Resnet34_fvs,RMSELoss,2026-07-15 03:18:50,32/200,2026-07-15 03:42:18,0.064551,0.103046,False,0.00005000,42.42,97848357,8,42
Resnet34_fvs_Noise_std0.05_20260715_031850,Resnet34_fvs,RMSELoss,2026-07-15 03:18:50,33/200,2026-07-15 03:42:59,0.063016,0.102733,False,0.00005000,41.45,97848357,8,42
Resnet34_fvs_Noise_std0.05_20260715_031850,Resnet34_fvs,RMSELoss,2026-07-15 03:18:50,34/200,2026-07-15 03:43:39,0.062295,0.103800,False,0.00005000,40.34,97848357,8,42
Resnet34_fvs_Noise_std0.05_20260715_031850,Resnet34_fvs,RMSELoss,2026-07-15 03:18:50,35/200,2026-07-15 03:44:20,0.061327,0.104089,False,0.00005000,40.63,97848357,8,42
Resnet34_fvs_Noise_std0.05_20260715_031850,Resnet34_fvs,RMSELoss,2026-07-15 03:18:50,36/200,2026-07-15 03:45:01,0.060771,0.104612,False,0.00005000,41.50,97848357,8,42
Resnet34_fvs_Noise_std0.05_20260715_031850,Resnet34_fvs,RMSELoss,2026-07-15 03:18:50,37/200,2026-07-15 03:45:43,0.060210,0.106495,False,0.00005000,41.40,97848357,8,42
Resnet34_fvs_Noise_std0.05_20260715_031850,Resnet34_fvs,RMSELoss,2026-07-15 03:18:50,38/200,2026-07-15 03:46:24,0.059670,0.103681,False,0.00005000,40.74,97848357,8,42
Resnet34_fvs_Noise_std0.05_20260715_031850,Resnet34_fvs,RMSELoss,2026-07-15 03:18:50,39/200,2026-07-15 03:47:04,0.059475,0.104596,False,0.00005000,40.86,97848357,8,42
Resnet34_fvs_Noise_std0.05_20260715_031850,Resnet34_fvs,RMSELoss,2026-07-15 03:18:50,40/200,2026-07-15 03:47:46,0.058009,0.104140,False,0.00002500,41.80,97848357,8,42
Resnet34_fvs_Noise_std0.05_20260715_031850,Resnet34_fvs,RMSELoss,2026-07-15 03:18:50,41/200,2026-07-15 03:48:28,0.054860,0.102532,False,0.00002500,41.46,97848357,8,42
Resnet34_fvs_Noise_std0.05_20260715_031850,Resnet34_fvs,RMSELoss,2026-07-15 03:18:50,42/200,2026-07-15 03:49:10,0.053487,0.101795,True,0.00002500,41.90,97848357,8,42
Resnet34_fvs_Noise_std0.05_20260715_031850,Resnet34_fvs,RMSELoss,2026-07-15 03:18:50,43/200,2026-07-15 03:49:59,0.053022,0.103272,False,0.00002500,42.53,97848357,8,42
Resnet34_fvs_Noise_std0.05_20260715_031850,Resnet34_fvs,RMSELoss,2026-07-15 03:18:50,44/200,2026-07-15 03:50:41,0.052170,0.101882,False,0.00002500,42.64,97848357,8,42
Resnet34_fvs_Noise_std0.05_20260715_031850,Resnet34_fvs,RMSELoss,2026-07-15 03:18:50,45/200,2026-07-15 03:51:23,0.051893,0.104323,False,0.00002500,41.13,97848357,8,42
Resnet34_fvs_Noise_std0.05_20260715_031850,Resnet34_fvs,RMSELoss,2026-07-15 03:18:50,46/200,2026-07-15 03:52:03,0.051394,0.102005,False,0.00002500,40.41,97848357,8,42
Resnet34_fvs_Noise_std0.05_20260715_031850,Resnet34_fvs,RMSELoss,2026-07-15 03:18:50,47/200,2026-07-15 03:52:44,0.050837,0.101534,True,0.00002500,41.35,97848357,8,42
Resnet34_fvs_Noise_std0.05_20260715_031850,Resnet34_fvs,RMSELoss,2026-07-15 03:18:50,48/200,2026-07-15 03:53:33,0.050728,0.103758,False,0.00002500,41.76,97848357,8,42
Resnet34_fvs_Noise_std0.05_20260715_031850,Resnet34_fvs,RMSELoss,2026-07-15 03:18:50,49/200,2026-07-15 03:54:14,0.050230,0.102551,False,0.00002500,41.20,97848357,8,42
Resnet34_fvs_Noise_std0.05_20260715_031850,Resnet34_fvs,RMSELoss,2026-07-15 03:18:50,50/200,2026-07-15 03:54:55,0.050219,0.101952,False,0.00002500,40.87,97848357,8,42
Resnet34_fvs_Noise_std0.05_20260715_031850,Resnet34_fvs,RMSELoss,2026-07-15 03:18:50,51/200,2026-07-15 03:55:36,0.049634,0.103013,False,0.00002500,41.56,97848357,8,42
Resnet34_fvs_Noise_std0.05_20260715_031850,Resnet34_fvs,RMSELoss,2026-07-15 03:18:50,52/200,2026-07-15 03:56:19,0.049225,0.101442,True,0.00002500,42.40,97848357,8,42
Resnet34_fvs_Noise_std0.05_20260715_031850,Resnet34_fvs,RMSELoss,2026-07-15 03:18:50,53/200,2026-07-15 03:57:07,0.048667,0.102243,False,0.00002500,42.11,97848357,8,42
Resnet34_fvs_Noise_std0.05_20260715_031850,Resnet34_fvs,RMSELoss,2026-07-15 03:18:50,54/200,2026-07-15 03:57:50,0.048479,0.101325,True,0.00002500,42.51,97848357,8,42
Resnet34_fvs_Noise_std0.05_20260715_031850,Resnet34_fvs,RMSELoss,2026-07-15 03:18:50,55/200,2026-07-15 03:58:39,0.047993,0.102259,False,0.00002500,42.67,97848357,8,42
Resnet34_fvs_Noise_std0.05_20260715_031850,Resnet34_fvs,RMSELoss,2026-07-15 03:18:50,56/200,2026-07-15 03:59:21,0.047836,0.104081,False,0.00002500,41.84,97848357,8,42
Resnet34_fvs_Noise_std0.05_20260715_031850,Resnet34_fvs,RMSELoss,2026-07-15 03:18:50,57/200,2026-07-15 04:00:02,0.047537,0.103198,False,0.00002500,41.07,97848357,8,42
Resnet34_fvs_Noise_std0.05_20260715_031850,Resnet34_fvs,RMSELoss,2026-07-15 03:18:50,58/200,2026-07-15 04:00:43,0.046943,0.101544,False,0.00002500,40.81,97848357,8,42
Resnet34_fvs_Noise_std0.05_20260715_031850,Resnet34_fvs,RMSELoss,2026-07-15 03:18:50,59/200,2026-07-15 04:01:25,0.046886,0.102456,False,0.00002500,41.82,97848357,8,42
Resnet34_fvs_Noise_std0.05_20260715_031850,Resnet34_fvs,RMSELoss,2026-07-15 03:18:50,60/200,2026-07-15 04:02:06,0.046358,0.103151,False,0.00001250,41.50,97848357,8,42
Resnet34_fvs_Noise_std0.05_20260715_031850,Resnet34_fvs,RMSELoss,2026-07-15 03:18:50,61/200,2026-07-15 04:02:47,0.044538,0.102125,False,0.00001250,41.06,97848357,8,42
Resnet34_fvs_Noise_std0.05_20260715_031850,Resnet34_fvs,RMSELoss,2026-07-15 03:18:50,62/200,2026-07-15 04:03:29,0.044096,0.102004,False,0.00001250,41.23,97848357,8,42
Resnet34_fvs_Noise_std0.05_20260715_031850,Resnet34_fvs,RMSELoss,2026-07-15 03:18:50,63/200,2026-07-15 04:04:11,0.043622,0.102844,False,0.00001250,42.16,97848357,8,42
Resnet34_fvs_Noise_std0.05_20260715_031850,Resnet34_fvs,RMSELoss,2026-07-15 03:18:50,64/200,2026-07-15 04:04:53,0.043319,0.101703,False,0.00001250,42.56,97848357,8,42
Resnet34_fvs_Noise_std0.05_20260715_031850,Resnet34_fvs,RMSELoss,2026-07-15 03:18:50,65/200,2026-07-15 04:05:36,0.043217,0.102183,False,0.00001250,42.43,97848357,8,42
Resnet34_fvs_Noise_std0.05_20260715_031850,Resnet34_fvs,RMSELoss,2026-07-15 03:18:50,66/200,2026-07-15 04:06:19,0.042778,0.101211,True,0.00001250,42.91,97848357,8,42
Resnet34_fvs_Noise_std0.05_20260715_031850,Resnet34_fvs,RMSELoss,2026-07-15 03:18:50,67/200,2026-07-15 04:07:07,0.042802,0.101775,False,0.00001250,41.74,97848357,8,42
Resnet34_fvs_Noise_std0.05_20260715_031850,Resnet34_fvs,RMSELoss,2026-07-15 03:18:50,68/200,2026-07-15 04:07:48,0.042413,0.101889,False,0.00001250,41.01,97848357,8,42
Resnet34_fvs_Noise_std0.05_20260715_031850,Resnet34_fvs,RMSELoss,2026-07-15 03:18:50,69/200,2026-07-15 04:08:29,0.042319,0.102210,False,0.00001250,40.84,97848357,8,42
Resnet34_fvs_Noise_std0.05_20260715_031850,Resnet34_fvs,RMSELoss,2026-07-15 03:18:50,70/200,2026-07-15 04:09:10,0.042079,0.102112,False,0.00001250,41.10,97848357,8,42
Resnet34_fvs_Noise_std0.05_20260715_031850,Resnet34_fvs,RMSELoss,2026-07-15 03:18:50,71/200,2026-07-15 04:09:52,0.041834,0.101925,False,0.00001250,41.83,97848357,8,42
Resnet34_fvs_Noise_std0.05_20260715_031850,Resnet34_fvs,RMSELoss,2026-07-15 03:18:50,72/200,2026-07-15 04:10:33,0.041545,0.102175,False,0.00001250,41.36,97848357,8,42
Resnet34_fvs_Noise_std0.05_20260715_031850,Resnet34_fvs,RMSELoss,2026-07-15 03:18:50,73/200,2026-07-15 04:11:14,0.041459,0.101793,False,0.00001250,41.03,97848357,8,42
Resnet34_fvs_Noise_std0.05_20260715_031850,Resnet34_fvs,RMSELoss,2026-07-15 03:18:50,74/200,2026-07-15 04:11:55,0.041472,0.102207,False,0.00001250,41.14,97848357,8,42
Resnet34_fvs_Noise_std0.05_20260715_031850,Resnet34_fvs,RMSELoss,2026-07-15 03:18:50,75/200,2026-07-15 04:12:37,0.041028,0.103010,False,0.00001250,41.94,97848357,8,42
Resnet34_fvs_Noise_std0.05_20260715_031850,Resnet34_fvs,RMSELoss,2026-07-15 03:18:50,76/200,2026-07-15 04:13:20,0.041119,0.101911,False,0.00001250,42.85,97848357,8,42
Resnet34_fvs_Noise_std0.05_20260715_031850,Resnet34_fvs,RMSELoss,2026-07-15 03:18:50,77/200,2026-07-15 04:14:03,0.040584,0.102434,False,0.00001250,42.40,97848357,8,42
Resnet34_fvs_Noise_std0.05_20260715_031850,Resnet34_fvs,RMSELoss,2026-07-15 03:18:50,78/200,2026-07-15 04:14:45,0.040867,0.102157,False,0.00001250,42.60,97848357,8,42
Resnet34_fvs_Noise_std0.05_20260715_031850,Resnet34_fvs,RMSELoss,2026-07-15 03:18:50,79/200,2026-07-15 04:15:26,0.040186,0.102812,False,0.00001250,41.25,97848357,8,42
Resnet34_fvs_Noise_std0.05_20260715_031850,Resnet34_fvs,RMSELoss,2026-07-15 03:18:50,80/200,2026-07-15 04:16:08,0.040389,0.101848,False,0.00000625,41.05,97848357,8,42
Resnet34_fvs_Noise_std0.05_20260715_031850,Resnet34_fvs,RMSELoss,2026-07-15 03:18:50,81/200,2026-07-15 04:16:48,0.039069,0.102305,False,0.00000625,40.62,97848357,8,42
Resnet34_fvs_Noise_std0.05_20260715_031850,Resnet34_fvs,RMSELoss,2026-07-15 03:18:50,82/200,2026-07-15 04:17:30,0.038932,0.102426,False,0.00000625,41.75,97848357,8,42
Resnet34_fvs_Noise_std0.05_20260715_031850,Resnet34_fvs,RMSELoss,2026-07-15 03:18:50,83/200,2026-07-15 04:18:12,0.038859,0.102487,False,0.00000625,41.73,97848357,8,42
Resnet34_fvs_Noise_std0.05_20260715_031850,Resnet34_fvs,RMSELoss,2026-07-15 03:18:50,84/200,2026-07-15 04:18:54,0.038640,0.102765,False,0.00000625,41.87,97848357,8,42
Resnet34_fvs_Noise_std0.05_20260715_031850,Resnet34_fvs,RMSELoss,2026-07-15 03:18:50,85/200,2026-07-15 04:19:36,0.038371,0.102212,False,0.00000625,42.45,97848357,8,42
Resnet34_fvs_Noise_std0.05_20260715_031850,Resnet34_fvs,RMSELoss,2026-07-15 03:18:50,86/200,2026-07-15 04:20:19,0.038320,0.102191,False,0.00000625,42.99,97848357,8,42
Resnet34_fvs_Noise_std0.05_20260715_031850,Resnet34_fvs,RMSELoss,2026-07-15 03:18:50,87/200,2026-07-15 04:21:02,0.038367,0.101970,False,0.00000625,43.11,97848357,8,42
Resnet34_fvs_Noise_std0.05_20260715_031850,Resnet34_fvs,RMSELoss,2026-07-15 03:18:50,88/200,2026-07-15 04:21:46,0.038159,0.102726,False,0.00000625,44.17,97848357,8,42
Resnet34_fvs_Noise_std0.05_20260715_031850,Resnet34_fvs,RMSELoss,2026-07-15 03:18:50,89/200,2026-07-15 04:22:35,0.038107,0.102990,False,0.00000625,48.42,97848357,8,42
Resnet34_fvs_Noise_std0.05_20260715_031850,Resnet34_fvs,RMSELoss,2026-07-15 03:18:50,90/200,2026-07-15 04:23:23,0.037874,0.102607,False,0.00000625,48.58,97848357,8,42
Resnet34_fvs_Noise_std0.05_20260715_031850,Resnet34_fvs,RMSELoss,2026-07-15 03:18:50,91/200,2026-07-15 04:24:07,0.037830,0.102167,False,0.00000625,43.57,97848357,8,42
Resnet34_fvs_Noise_std0.05_20260715_031850,Resnet34_fvs,RMSELoss,2026-07-15 03:18:50,92/200,2026-07-15 04:24:52,0.037780,0.101833,False,0.00000625,45.16,97848357,8,42
Resnet34_fvs_Noise_std0.05_20260715_031850,Resnet34_fvs,RMSELoss,2026-07-15 03:18:50,93/200,2026-07-15 04:25:39,0.037692,0.102185,False,0.00000625,47.01,97848357,8,42
Resnet34_fvs_Noise_std0.05_20260715_031850,Resnet34_fvs,RMSELoss,2026-07-15 03:18:50,94/200,2026-07-15 04:26:27,0.037359,0.102433,False,0.00000625,47.58,97848357,8,42
Resnet34_fvs_Noise_std0.05_20260715_031850,Resnet34_fvs,RMSELoss,2026-07-15 03:18:50,95/200,2026-07-15 04:27:10,0.037258,0.102286,False,0.00000625,43.15,97848357,8,42
Resnet34_fvs_Noise_std0.05_20260715_031850,Resnet34_fvs,RMSELoss,2026-07-15 03:18:50,96/200,2026-07-15 04:27:53,0.037346,0.102389,False,0.00000625,43.26,97848357,8,42
Resnet34_fvs_Noise_std0.05_20260715_031850,Resnet34_fvs,RMSELoss,2026-07-15 03:18:50,97/200,2026-07-15 04:28:41,0.037251,0.102366,False,0.00000625,47.55,97848357,8,42
Resnet34_fvs_Noise_std0.05_20260715_031850,Resnet34_fvs,RMSELoss,2026-07-15 03:18:50,98/200,2026-07-15 04:29:28,0.037253,0.102303,False,0.00000625,47.75,97848357,8,42
Resnet34_fvs_Noise_std0.05_20260715_031850,Resnet34_fvs,RMSELoss,2026-07-15 03:18:50,99/200,2026-07-15 04:30:11,0.037202,0.102466,False,0.00000625,42.48,97848357,8,42
Resnet34_fvs_Noise_std0.05_20260715_031850,Resnet34_fvs,RMSELoss,2026-07-15 03:18:50,100/200,2026-07-15 04:30:53,0.036746,0.102344,False,0.00000313,42.13,97848357,8,42
Resnet34_fvs_Noise_std0.05_20260715_031850,Resnet34_fvs,RMSELoss,2026-07-15 03:18:50,101/200,2026-07-15 04:31:35,0.036375,0.102711,False,0.00000313,41.95,97848357,8,42
Resnet34_fvs_Noise_std0.05_20260715_031850,Resnet34_fvs,RMSELoss,2026-07-15 03:18:50,102/200,2026-07-15 04:32:18,0.036200,0.102283,False,0.00000313,43.12,97848357,8,42
Resnet34_fvs_Noise_std0.05_20260715_031850,Resnet34_fvs,RMSELoss,2026-07-15 03:18:50,103/200,2026-07-15 04:33:01,0.036197,0.102660,False,0.00000313,43.12,97848357,8,42
Resnet34_fvs_Noise_std0.05_20260715_031850,Resnet34_fvs,RMSELoss,2026-07-15 03:18:50,104/200,2026-07-15 04:33:43,0.036155,0.102680,False,0.00000313,42.17,97848357,8,42
Resnet34_fvs_Noise_std0.05_20260715_031850,Resnet34_fvs,RMSELoss,2026-07-15 03:18:50,105/200,2026-07-15 04:34:26,0.035985,0.102893,False,0.00000313,42.27,97848357,8,42
Resnet34_fvs_Noise_std0.05_20260715_031850,Resnet34_fvs,RMSELoss,2026-07-15 03:18:50,106/200,2026-07-15 04:35:09,0.035943,0.102611,False,0.00000313,43.38,97848357,8,42
Resnet34_fvs_Noise_std0.05_20260715_031850,Resnet34_fvs,RMSELoss,2026-07-15 03:18:50,107/200,2026-07-15 04:35:53,0.035891,0.102614,False,0.00000313,43.55,97848357,8,42
Resnet34_fvs_Noise_std0.05_20260715_031850,Resnet34_fvs,RMSELoss,2026-07-15 03:18:50,108/200,2026-07-15 04:36:35,0.035964,0.102746,False,0.00000313,41.98,97848357,8,42
Resnet34_fvs_Noise_std0.05_20260715_031850,Resnet34_fvs,RMSELoss,2026-07-15 03:18:50,109/200,2026-07-15 04:37:18,0.035900,0.102587,False,0.00000313,43.59,97848357,8,42
Resnet34_fvs_Noise_std0.05_20260715_031850,Resnet34_fvs,RMSELoss,2026-07-15 03:18:50,110/200,2026-07-15 04:38:02,0.035630,0.102934,False,0.00000313,44.02,97848357,8,42
Resnet34_fvs_Noise_std0.05_20260715_031850,Resnet34_fvs,RMSELoss,2026-07-15 03:18:50,111/200,2026-07-15 04:38:47,0.035858,0.102779,False,0.00000313,44.69,97848357,8,42
Densenet121_fvs_Noise_std0.05_20260715_054717,Densenet121_fvs,RMSELoss,2026-07-15 05:47:17,1/200,2026-07-15 05:48:12,0.152174,0.128187,True,0.00010000,55.19,84041829,8,42
Densenet121_fvs_Noise_std0.05_20260715_054717,Densenet121_fvs,RMSELoss,2026-07-15 05:47:17,2/200,2026-07-15 05:49:14,0.124803,0.121370,True,0.00010000,55.05,84041829,8,42
Densenet121_fvs_Noise_std0.05_20260715_054717,Densenet121_fvs,RMSELoss,2026-07-15 05:47:17,3/200,2026-07-15 05:50:16,0.119402,0.128328,False,0.00010000,54.06,84041829,8,42
Densenet121_fvs_Noise_std0.05_20260715_054717,Densenet121_fvs,RMSELoss,2026-07-15 05:47:17,4/200,2026-07-15 05:51:10,0.115088,0.126493,False,0.00010000,54.53,84041829,8,42
Densenet121_fvs_Noise_std0.05_20260715_054717,Densenet121_fvs,RMSELoss,2026-07-15 05:47:17,5/200,2026-07-15 05:52:06,0.111058,0.114541,True,0.00010000,55.62,84041829,8,42
Densenet121_fvs_Noise_std0.05_20260715_054717,Densenet121_fvs,RMSELoss,2026-07-15 05:47:17,6/200,2026-07-15 05:53:08,0.109509,0.128948,False,0.00010000,54.90,84041829,8,42
Densenet121_fvs_Noise_std0.05_20260715_054717,Densenet121_fvs,RMSELoss,2026-07-15 05:47:17,7/200,2026-07-15 05:54:03,0.105893,0.111441,True,0.00010000,55.26,84041829,8,42
Densenet121_fvs_Noise_std0.05_20260715_054717,Densenet121_fvs,RMSELoss,2026-07-15 05:47:17,8/200,2026-07-15 05:55:05,0.105304,0.108905,True,0.00010000,54.53,84041829,8,42
Densenet121_fvs_Noise_std0.05_20260715_054717,Densenet121_fvs,RMSELoss,2026-07-15 05:47:17,9/200,2026-07-15 05:56:08,0.101974,0.109394,False,0.00010000,55.51,84041829,8,42
Densenet121_fvs_Noise_std0.05_20260715_054717,Densenet121_fvs,RMSELoss,2026-07-15 05:47:17,10/200,2026-07-15 05:57:04,0.101755,0.107944,True,0.00010000,55.79,84041829,8,42
Densenet121_fvs_Noise_std0.05_20260715_054717,Densenet121_fvs,RMSELoss,2026-07-15 05:47:17,11/200,2026-07-15 05:58:05,0.098747,0.111660,False,0.00010000,54.26,84041829,8,42
Densenet121_fvs_Noise_std0.05_20260715_054717,Densenet121_fvs,RMSELoss,2026-07-15 05:47:17,12/200,2026-07-15 05:58:58,0.097582,0.106893,True,0.00010000,53.27,84041829,8,42
Densenet121_fvs_Noise_std0.05_20260715_054717,Densenet121_fvs,RMSELoss,2026-07-15 05:47:17,13/200,2026-07-15 05:59:59,0.095079,0.104370,True,0.00010000,54.09,84041829,8,42
Densenet121_fvs_Noise_std0.05_20260715_054717,Densenet121_fvs,RMSELoss,2026-07-15 05:47:17,14/200,2026-07-15 06:01:00,0.094400,0.105465,False,0.00010000,53.60,84041829,8,42
Densenet121_fvs_Noise_std0.05_20260715_054717,Densenet121_fvs,RMSELoss,2026-07-15 05:47:17,15/200,2026-07-15 06:01:53,0.090734,0.106508,False,0.00010000,53.38,84041829,8,42
Densenet121_fvs_Noise_std0.05_20260715_054717,Densenet121_fvs,RMSELoss,2026-07-15 05:47:17,16/200,2026-07-15 06:02:47,0.089698,0.105181,False,0.00010000,54.06,84041829,8,42
Densenet121_fvs_Noise_std0.05_20260715_054717,Densenet121_fvs,RMSELoss,2026-07-15 05:47:17,17/200,2026-07-15 06:03:43,0.088198,0.111967,False,0.00010000,55.58,84041829,8,42
Densenet121_fvs_Noise_std0.05_20260715_054717,Densenet121_fvs,RMSELoss,2026-07-15 05:47:17,18/200,2026-07-15 06:04:38,0.086731,0.108084,False,0.00010000,55.07,84041829,8,42
Densenet121_fvs_Noise_std0.05_20260715_054717,Densenet121_fvs,RMSELoss,2026-07-15 05:47:17,19/200,2026-07-15 06:05:33,0.085408,0.105777,False,0.00010000,55.29,84041829,8,42
Densenet121_fvs_Noise_std0.05_20260715_054717,Densenet121_fvs,RMSELoss,2026-07-15 05:47:17,20/200,2026-07-15 06:06:27,0.083393,0.104571,False,0.00005000,53.60,84041829,8,42
Densenet121_fvs_Noise_std0.05_20260715_054717,Densenet121_fvs,RMSELoss,2026-07-15 05:47:17,21/200,2026-07-15 06:07:21,0.077485,0.099810,True,0.00005000,53.66,84041829,8,42
Densenet121_fvs_Noise_std0.05_20260715_054717,Densenet121_fvs,RMSELoss,2026-07-15 05:47:17,22/200,2026-07-15 06:08:21,0.074418,0.099651,True,0.00005000,53.55,84041829,8,42
Densenet121_fvs_Noise_std0.05_20260715_054717,Densenet121_fvs,RMSELoss,2026-07-15 05:47:17,23/200,2026-07-15 06:09:22,0.072968,0.102370,False,0.00005000,53.04,84041829,8,42
Densenet121_fvs_Noise_std0.05_20260715_054717,Densenet121_fvs,RMSELoss,2026-07-15 05:47:17,24/200,2026-07-15 06:10:16,0.072410,0.100197,False,0.00005000,54.38,84041829,8,42
Densenet121_fvs_Noise_std0.05_20260715_054717,Densenet121_fvs,RMSELoss,2026-07-15 05:47:17,25/200,2026-07-15 06:11:11,0.070718,0.101572,False,0.00005000,55.07,84041829,8,42
Densenet121_fvs_Noise_std0.05_20260715_054717,Densenet121_fvs,RMSELoss,2026-07-15 05:47:17,26/200,2026-07-15 06:12:06,0.069962,0.102571,False,0.00005000,55.21,84041829,8,42
Densenet121_fvs_Noise_std0.05_20260715_054717,Densenet121_fvs,RMSELoss,2026-07-15 05:47:17,27/200,2026-07-15 06:13:00,0.068875,0.103826,False,0.00005000,54.04,84041829,8,42
Densenet121_fvs_Noise_std0.05_20260715_054717,Densenet121_fvs,RMSELoss,2026-07-15 05:47:17,28/200,2026-07-15 06:13:54,0.068220,0.103066,False,0.00005000,53.77,84041829,8,42
Densenet121_fvs_Noise_std0.05_20260715_054717,Densenet121_fvs,RMSELoss,2026-07-15 05:47:17,29/200,2026-07-15 06:14:48,0.067393,0.100502,False,0.00005000,54.27,84041829,8,42
Densenet121_fvs_Noise_std0.05_20260715_054717,Densenet121_fvs,RMSELoss,2026-07-15 05:47:17,30/200,2026-07-15 06:15:44,0.066090,0.101249,False,0.00005000,55.86,84041829,8,42
Densenet121_fvs_Noise_std0.05_20260715_054717,Densenet121_fvs,RMSELoss,2026-07-15 05:47:17,31/200,2026-07-15 06:16:40,0.065229,0.101331,False,0.00005000,55.64,84041829,8,42
Densenet121_fvs_Noise_std0.05_20260715_054717,Densenet121_fvs,RMSELoss,2026-07-15 05:47:17,32/200,2026-07-15 06:17:36,0.064899,0.099642,True,0.00005000,56.10,84041829,8,42
Densenet121_fvs_Noise_std0.05_20260715_054717,Densenet121_fvs,RMSELoss,2026-07-15 05:47:17,33/200,2026-07-15 06:18:37,0.063193,0.103476,False,0.00005000,54.52,84041829,8,42
Densenet121_fvs_Noise_std0.05_20260715_054717,Densenet121_fvs,RMSELoss,2026-07-15 05:47:17,34/200,2026-07-15 06:19:32,0.063715,0.102164,False,0.00005000,54.88,84041829,8,42
Densenet121_fvs_Noise_std0.05_20260715_054717,Densenet121_fvs,RMSELoss,2026-07-15 05:47:17,35/200,2026-07-15 06:20:25,0.062658,0.101371,False,0.00005000,53.17,84041829,8,42
Densenet121_fvs_Noise_std0.05_20260715_054717,Densenet121_fvs,RMSELoss,2026-07-15 05:47:17,36/200,2026-07-15 06:21:19,0.061581,0.102852,False,0.00005000,53.82,84041829,8,42
Densenet121_fvs_Noise_std0.05_20260715_054717,Densenet121_fvs,RMSELoss,2026-07-15 05:47:17,37/200,2026-07-15 06:22:15,0.060603,0.103676,False,0.00005000,55.59,84041829,8,42
Densenet121_fvs_Noise_std0.05_20260715_054717,Densenet121_fvs,RMSELoss,2026-07-15 05:47:17,38/200,2026-07-15 06:23:10,0.060547,0.100303,False,0.00005000,55.21,84041829,8,42
Densenet121_fvs_Noise_std0.05_20260715_054717,Densenet121_fvs,RMSELoss,2026-07-15 05:47:17,39/200,2026-07-15 06:24:06,0.059704,0.101017,False,0.00005000,55.53,84041829,8,42
Densenet121_fvs_Noise_std0.05_20260715_054717,Densenet121_fvs,RMSELoss,2026-07-15 05:47:17,40/200,2026-07-15 06:25:00,0.059377,0.099621,True,0.00002500,54.38,84041829,8,42
Densenet121_fvs_Noise_std0.05_20260715_054717,Densenet121_fvs,RMSELoss,2026-07-15 05:47:17,41/200,2026-07-15 06:26:02,0.055772,0.100385,False,0.00002500,55.09,84041829,8,42
Densenet121_fvs_Noise_std0.05_20260715_054717,Densenet121_fvs,RMSELoss,2026-07-15 05:47:17,42/200,2026-07-15 06:26:55,0.053864,0.100290,False,0.00002500,52.98,84041829,8,42
Densenet121_fvs_Noise_std0.05_20260715_054717,Densenet121_fvs,RMSELoss,2026-07-15 05:47:17,43/200,2026-07-15 06:27:48,0.053405,0.100135,False,0.00002500,53.13,84041829,8,42
Densenet121_fvs_Noise_std0.05_20260715_054717,Densenet121_fvs,RMSELoss,2026-07-15 05:47:17,44/200,2026-07-15 06:28:44,0.052671,0.098909,True,0.00002500,55.84,84041829,8,42
Densenet121_fvs_Noise_std0.05_20260715_054717,Densenet121_fvs,RMSELoss,2026-07-15 05:47:17,45/200,2026-07-15 06:29:46,0.052456,0.101325,False,0.00002500,54.69,84041829,8,42
Densenet121_fvs_Noise_std0.05_20260715_054717,Densenet121_fvs,RMSELoss,2026-07-15 05:47:17,46/200,2026-07-15 06:30:41,0.051839,0.100566,False,0.00002500,55.22,84041829,8,42
Densenet121_fvs_Noise_std0.05_20260715_054717,Densenet121_fvs,RMSELoss,2026-07-15 05:47:17,47/200,2026-07-15 06:31:36,0.051160,0.099683,False,0.00002500,55.21,84041829,8,42
Densenet121_fvs_Noise_std0.05_20260715_054717,Densenet121_fvs,RMSELoss,2026-07-15 05:47:17,48/200,2026-07-15 06:32:31,0.050786,0.100890,False,0.00002500,54.53,84041829,8,42
Densenet121_fvs_Noise_std0.05_20260715_054717,Densenet121_fvs,RMSELoss,2026-07-15 05:47:17,49/200,2026-07-15 06:33:24,0.050673,0.099360,False,0.00002500,52.75,84041829,8,42
Densenet121_fvs_Noise_std0.05_20260715_054717,Densenet121_fvs,RMSELoss,2026-07-15 05:47:17,50/200,2026-07-15 06:34:17,0.050101,0.099729,False,0.00002500,53.76,84041829,8,42
Densenet121_fvs_Noise_std0.05_20260715_054717,Densenet121_fvs,RMSELoss,2026-07-15 05:47:17,51/200,2026-07-15 06:35:13,0.049486,0.100773,False,0.00002500,55.58,84041829,8,42
Densenet121_fvs_Noise_std0.05_20260715_054717,Densenet121_fvs,RMSELoss,2026-07-15 05:47:17,52/200,2026-07-15 06:36:08,0.049516,0.100511,False,0.00002500,54.62,84041829,8,42
Densenet121_fvs_Noise_std0.05_20260715_054717,Densenet121_fvs,RMSELoss,2026-07-15 05:47:17,53/200,2026-07-15 06:37:02,0.049038,0.100105,False,0.00002500,54.57,84041829,8,42
Densenet121_fvs_Noise_std0.05_20260715_054717,Densenet121_fvs,RMSELoss,2026-07-15 05:47:17,54/200,2026-07-15 06:37:55,0.048616,0.099772,False,0.00002500,53.28,84041829,8,42
Densenet121_fvs_Noise_std0.05_20260715_054717,Densenet121_fvs,RMSELoss,2026-07-15 05:47:17,55/200,2026-07-15 06:38:49,0.048268,0.100644,False,0.00002500,53.22,84041829,8,42
Densenet121_fvs_Noise_std0.05_20260715_054717,Densenet121_fvs,RMSELoss,2026-07-15 05:47:17,56/200,2026-07-15 06:39:44,0.048247,0.101928,False,0.00002500,55.17,84041829,8,42
Densenet121_fvs_Noise_std0.05_20260715_054717,Densenet121_fvs,RMSELoss,2026-07-15 05:47:17,57/200,2026-07-15 06:40:39,0.047590,0.100593,False,0.00002500,55.47,84041829,8,42
Densenet121_fvs_Noise_std0.05_20260715_054717,Densenet121_fvs,RMSELoss,2026-07-15 05:47:17,58/200,2026-07-15 06:41:35,0.046924,0.099652,False,0.00002500,55.33,84041829,8,42
Densenet121_fvs_Noise_std0.05_20260715_054717,Densenet121_fvs,RMSELoss,2026-07-15 05:47:17,59/200,2026-07-15 06:42:27,0.046871,0.100991,False,0.00002500,51.87,84041829,8,42
Densenet121_fvs_Noise_std0.05_20260715_054717,Densenet121_fvs,RMSELoss,2026-07-15 05:47:17,60/200,2026-07-15 06:43:19,0.046491,0.101067,False,0.00001250,52.55,84041829,8,42
Densenet121_fvs_Noise_std0.05_20260715_054717,Densenet121_fvs,RMSELoss,2026-07-15 05:47:17,61/200,2026-07-15 06:44:12,0.044931,0.099153,False,0.00001250,52.92,84041829,8,42
Densenet121_fvs_Noise_std0.05_20260715_054717,Densenet121_fvs,RMSELoss,2026-07-15 05:47:17,62/200,2026-07-15 06:45:07,0.044152,0.100776,False,0.00001250,55.13,84041829,8,42
Densenet121_fvs_Noise_std0.05_20260715_054717,Densenet121_fvs,RMSELoss,2026-07-15 05:47:17,63/200,2026-07-15 06:46:02,0.043843,0.100814,False,0.00001250,55.12,84041829,8,42
Densenet121_fvs_Noise_std0.05_20260715_054717,Densenet121_fvs,RMSELoss,2026-07-15 05:47:17,64/200,2026-07-15 06:46:55,0.043664,0.100169,False,0.00001250,53.08,84041829,8,42
Densenet121_fvs_Noise_std0.05_20260715_054717,Densenet121_fvs,RMSELoss,2026-07-15 05:47:17,65/200,2026-07-15 06:47:49,0.043433,0.100195,False,0.00001250,53.69,84041829,8,42
Densenet121_fvs_Noise_std0.05_20260715_054717,Densenet121_fvs,RMSELoss,2026-07-15 05:47:17,66/200,2026-07-15 06:48:44,0.042921,0.100018,False,0.00001250,55.24,84041829,8,42
Densenet121_fvs_Noise_std0.05_20260715_054717,Densenet121_fvs,RMSELoss,2026-07-15 05:47:17,67/200,2026-07-15 06:49:39,0.043014,0.100170,False,0.00001250,55.15,84041829,8,42
Densenet121_fvs_Noise_std0.05_20260715_054717,Densenet121_fvs,RMSELoss,2026-07-15 05:47:17,68/200,2026-07-15 06:50:31,0.042475,0.101045,False,0.00001250,51.87,84041829,8,42
Densenet121_fvs_Noise_std0.05_20260715_054717,Densenet121_fvs,RMSELoss,2026-07-15 05:47:17,69/200,2026-07-15 06:51:24,0.042480,0.100254,False,0.00001250,52.58,84041829,8,42
Densenet121_fvs_Noise_std0.05_20260715_054717,Densenet121_fvs,RMSELoss,2026-07-15 05:47:17,70/200,2026-07-15 06:52:16,0.042093,0.099596,False,0.00001250,52.52,84041829,8,42
Densenet121_fvs_Noise_std0.05_20260715_054717,Densenet121_fvs,RMSELoss,2026-07-15 05:47:17,71/200,2026-07-15 06:53:11,0.042018,0.100321,False,0.00001250,54.81,84041829,8,42
Densenet121_fvs_Noise_std0.05_20260715_054717,Densenet121_fvs,RMSELoss,2026-07-15 05:47:17,72/200,2026-07-15 06:54:06,0.041998,0.100204,False,0.00001250,54.85,84041829,8,42
Densenet121_fvs_Noise_std0.05_20260715_054717,Densenet121_fvs,RMSELoss,2026-07-15 05:47:17,73/200,2026-07-15 06:55:00,0.041655,0.100020,False,0.00001250,53.52,84041829,8,42
Densenet121_fvs_Noise_std0.05_20260715_054717,Densenet121_fvs,RMSELoss,2026-07-15 05:47:17,74/200,2026-07-15 06:55:54,0.041493,0.100336,False,0.00001250,53.91,84041829,8,42
Densenet121_fvs_Noise_std0.05_20260715_054717,Densenet121_fvs,RMSELoss,2026-07-15 05:47:17,75/200,2026-07-15 06:56:48,0.041297,0.100141,False,0.00001250,53.97,84041829,8,42
Densenet121_fvs_Noise_std0.05_20260715_054717,Densenet121_fvs,RMSELoss,2026-07-15 05:47:17,76/200,2026-07-15 06:57:43,0.041143,0.100289,False,0.00001250,55.18,84041829,8,42
Densenet121_fvs_Noise_std0.05_20260715_054717,Densenet121_fvs,RMSELoss,2026-07-15 05:47:17,77/200,2026-07-15 06:58:34,0.040944,0.099728,False,0.00001250,51.76,84041829,8,42
Densenet121_fvs_Noise_std0.05_20260715_054717,Densenet121_fvs,RMSELoss,2026-07-15 05:47:17,78/200,2026-07-15 06:59:27,0.041190,0.101203,False,0.00001250,52.10,84041829,8,42
Densenet121_fvs_Noise_std0.05_20260715_054717,Densenet121_fvs,RMSELoss,2026-07-15 05:47:17,79/200,2026-07-15 07:00:19,0.040753,0.100728,False,0.00001250,52.60,84041829,8,42
Densenet121_fvs_Noise_std0.05_20260715_054717,Densenet121_fvs,RMSELoss,2026-07-15 05:47:17,80/200,2026-07-15 07:01:14,0.040479,0.099104,False,0.00000625,54.93,84041829,8,42
Densenet121_fvs_Noise_std0.05_20260715_054717,Densenet121_fvs,RMSELoss,2026-07-15 05:47:17,81/200,2026-07-15 07:02:09,0.039602,0.100631,False,0.00000625,54.95,84041829,8,42
Densenet121_fvs_Noise_std0.05_20260715_054717,Densenet121_fvs,RMSELoss,2026-07-15 05:47:17,82/200,2026-07-15 07:03:04,0.039164,0.101181,False,0.00000625,54.92,84041829,8,42
Densenet121_fvs_Noise_std0.05_20260715_054717,Densenet121_fvs,RMSELoss,2026-07-15 05:47:17,83/200,2026-07-15 07:03:57,0.039169,0.100828,False,0.00000625,53.28,84041829,8,42
Densenet121_fvs_Noise_std0.05_20260715_054717,Densenet121_fvs,RMSELoss,2026-07-15 05:47:17,84/200,2026-07-15 07:04:51,0.038930,0.100785,False,0.00000625,53.38,84041829,8,42
Densenet121_fvs_Noise_std0.05_20260715_054717,Densenet121_fvs,RMSELoss,2026-07-15 05:47:17,85/200,2026-07-15 07:05:47,0.038697,0.099942,False,0.00000625,56.12,84041829,8,42
Densenet121_fvs_Noise_std0.05_20260715_054717,Densenet121_fvs,RMSELoss,2026-07-15 05:47:17,86/200,2026-07-15 07:06:42,0.038533,0.100715,False,0.00000625,55.59,84041829,8,42
Densenet121_fvs_Noise_std0.05_20260715_054717,Densenet121_fvs,RMSELoss,2026-07-15 05:47:17,87/200,2026-07-15 07:07:38,0.038353,0.100322,False,0.00000625,55.52,84041829,8,42
Densenet121_fvs_Noise_std0.05_20260715_054717,Densenet121_fvs,RMSELoss,2026-07-15 05:47:17,88/200,2026-07-15 07:08:32,0.038370,0.101037,False,0.00000625,53.64,84041829,8,42
Densenet121_fvs_Noise_std0.05_20260715_054717,Densenet121_fvs,RMSELoss,2026-07-15 05:47:17,89/200,2026-07-15 07:09:25,0.038198,0.101172,False,0.00000625,52.98,84041829,8,42
ModelSwinT_fvs_Noise_std0.05_20260715_070925,ModelSwinT_fvs,RMSELoss,2026-07-15 07:09:25,1/200,2026-07-15 07:10:18,0.166538,0.151557,True,0.00010000,53.80,104345183,8,42
ModelSwinT_fvs_Noise_std0.05_20260715_070925,ModelSwinT_fvs,RMSELoss,2026-07-15 07:09:25,2/200,2026-07-15 07:11:19,0.138029,0.132699,True,0.00010000,54.02,104345183,8,42
ModelSwinT_fvs_Noise_std0.05_20260715_070925,ModelSwinT_fvs,RMSELoss,2026-07-15 07:09:25,3/200,2026-07-15 07:12:19,0.134991,0.133575,False,0.00010000,53.18,104345183,8,42
ModelSwinT_fvs_Noise_std0.05_20260715_070925,ModelSwinT_fvs,RMSELoss,2026-07-15 07:09:25,4/200,2026-07-15 07:13:14,0.137862,0.137108,False,0.00010000,54.35,104345183,8,42
ModelSwinT_fvs_Noise_std0.05_20260715_070925,ModelSwinT_fvs,RMSELoss,2026-07-15 07:09:25,5/200,2026-07-15 07:14:08,0.137869,0.134795,False,0.00010000,54.25,104345183,8,42
ModelSwinT_fvs_Noise_std0.05_20260715_070925,ModelSwinT_fvs,RMSELoss,2026-07-15 07:09:25,6/200,2026-07-15 07:15:01,0.136428,0.133093,False,0.00010000,53.23,104345183,8,42
ModelSwinT_fvs_Noise_std0.05_20260715_070925,ModelSwinT_fvs,RMSELoss,2026-07-15 07:09:25,7/200,2026-07-15 07:15:54,0.135021,0.135395,False,0.00010000,53.01,104345183,8,42
ModelSwinT_fvs_Noise_std0.05_20260715_070925,ModelSwinT_fvs,RMSELoss,2026-07-15 07:09:25,8/200,2026-07-15 07:16:48,0.133267,0.135578,False,0.00010000,53.61,104345183,8,42
ModelSwinT_fvs_Noise_std0.05_20260715_070925,ModelSwinT_fvs,RMSELoss,2026-07-15 07:09:25,9/200,2026-07-15 07:17:42,0.131440,0.131417,True,0.00010000,54.76,104345183,8,42
ModelSwinT_fvs_Noise_std0.05_20260715_070925,ModelSwinT_fvs,RMSELoss,2026-07-15 07:09:25,10/200,2026-07-15 07:18:43,0.130956,0.131517,False,0.00010000,54.17,104345183,8,42
ModelSwinT_fvs_Noise_std0.05_20260715_070925,ModelSwinT_fvs,RMSELoss,2026-07-15 07:09:25,11/200,2026-07-15 07:19:37,0.130286,0.131600,False,0.00010000,53.95,104345183,8,42
ModelSwinT_fvs_Noise_std0.05_20260715_070925,ModelSwinT_fvs,RMSELoss,2026-07-15 07:09:25,12/200,2026-07-15 07:20:31,0.132118,0.131408,True,0.00010000,53.75,104345183,8,42
ModelSwinT_fvs_Noise_std0.05_20260715_070925,ModelSwinT_fvs,RMSELoss,2026-07-15 07:09:25,13/200,2026-07-15 07:21:32,0.128325,0.128851,True,0.00010000,54.43,104345183,8,42
ModelSwinT_fvs_Noise_std0.05_20260715_070925,ModelSwinT_fvs,RMSELoss,2026-07-15 07:09:25,14/200,2026-07-15 07:22:34,0.126866,0.128451,True,0.00010000,54.29,104345183,8,42
ModelSwinT_fvs_Noise_std0.05_20260715_070925,ModelSwinT_fvs,RMSELoss,2026-07-15 07:09:25,15/200,2026-07-15 07:23:34,0.125753,0.128939,False,0.00010000,53.74,104345183,8,42
ModelSwinT_fvs_Noise_std0.05_20260715_070925,ModelSwinT_fvs,RMSELoss,2026-07-15 07:09:25,16/200,2026-07-15 07:24:28,0.126497,0.127610,True,0.00010000,53.46,104345183,8,42
ModelSwinT_fvs_Noise_std0.05_20260715_070925,ModelSwinT_fvs,RMSELoss,2026-07-15 07:09:25,17/200,2026-07-15 07:25:27,0.124677,0.129486,False,0.00010000,52.64,104345183,8,42
ModelSwinT_fvs_Noise_std0.05_20260715_070925,ModelSwinT_fvs,RMSELoss,2026-07-15 07:09:25,18/200,2026-07-15 07:26:20,0.124691,0.128143,False,0.00010000,53.09,104345183,8,42
ModelSwinT_fvs_Noise_std0.05_20260715_070925,ModelSwinT_fvs,RMSELoss,2026-07-15 07:09:25,19/200,2026-07-15 07:27:15,0.123544,0.125814,True,0.00010000,54.56,104345183,8,42
ModelSwinT_fvs_Noise_std0.05_20260715_070925,ModelSwinT_fvs,RMSELoss,2026-07-15 07:09:25,20/200,2026-07-15 07:28:16,0.120636,0.124038,True,0.00005000,54.44,104345183,8,42
ModelSwinT_fvs_Noise_std0.05_20260715_070925,ModelSwinT_fvs,RMSELoss,2026-07-15 07:09:25,21/200,2026-07-15 07:29:18,0.118346,0.122998,True,0.00005000,54.51,104345183,8,42
ModelSwinT_fvs_Noise_std0.05_20260715_070925,ModelSwinT_fvs,RMSELoss,2026-07-15 07:09:25,22/200,2026-07-15 07:30:18,0.117327,0.125867,False,0.00005000,53.64,104345183,8,42
ModelSwinT_fvs_Noise_std0.05_20260715_070925,ModelSwinT_fvs,RMSELoss,2026-07-15 07:09:25,23/200,2026-07-15 07:31:13,0.117186,0.122642,True,0.00005000,54.61,104345183,8,42
ModelSwinT_fvs_Noise_std0.05_20260715_070925,ModelSwinT_fvs,RMSELoss,2026-07-15 07:09:25,24/200,2026-07-15 07:32:14,0.115881,0.120773,True,0.00005000,54.77,104345183,8,42
ModelSwinT_fvs_Noise_std0.05_20260715_070925,ModelSwinT_fvs,RMSELoss,2026-07-15 07:09:25,25/200,2026-07-15 07:33:15,0.116205,0.122079,False,0.00005000,54.17,104345183,8,42
ModelSwinT_fvs_Noise_std0.05_20260715_070925,ModelSwinT_fvs,RMSELoss,2026-07-15 07:09:25,26/200,2026-07-15 07:34:10,0.115357,0.120748,True,0.00005000,54.71,104345183,8,42
ModelSwinT_fvs_Noise_std0.05_20260715_070925,ModelSwinT_fvs,RMSELoss,2026-07-15 07:09:25,27/200,2026-07-15 07:35:11,0.114993,0.124233,False,0.00005000,53.84,104345183,8,42
ModelSwinT_fvs_Noise_std0.05_20260715_070925,ModelSwinT_fvs,RMSELoss,2026-07-15 07:09:25,28/200,2026-07-15 07:36:06,0.114793,0.120598,True,0.00005000,55.26,104345183,8,42
ModelSwinT_fvs_Noise_std0.05_20260715_070925,ModelSwinT_fvs,RMSELoss,2026-07-15 07:09:25,29/200,2026-07-15 07:37:08,0.111682,0.118222,True,0.00005000,55.04,104345183,8,42
ModelSwinT_fvs_Noise_std0.05_20260715_070925,ModelSwinT_fvs,RMSELoss,2026-07-15 07:09:25,30/200,2026-07-15 07:38:09,0.109359,0.118110,True,0.00005000,54.41,104345183,8,42
ModelSwinT_fvs_Noise_std0.05_20260715_070925,ModelSwinT_fvs,RMSELoss,2026-07-15 07:09:25,31/200,2026-07-15 07:39:10,0.107347,0.118085,True,0.00005000,54.27,104345183,8,42
ModelSwinT_fvs_Noise_std0.05_20260715_070925,ModelSwinT_fvs,RMSELoss,2026-07-15 07:09:25,32/200,2026-07-15 07:40:12,0.107042,0.115481,True,0.00005000,54.87,104345183,8,42
ModelSwinT_fvs_Noise_std0.05_20260715_070925,ModelSwinT_fvs,RMSELoss,2026-07-15 07:09:25,33/200,2026-07-15 07:41:14,0.105957,0.115964,False,0.00005000,54.47,104345183,8,42
ModelSwinT_fvs_Noise_std0.05_20260715_070925,ModelSwinT_fvs,RMSELoss,2026-07-15 07:09:25,34/200,2026-07-15 07:42:08,0.106121,0.114591,True,0.00005000,54.20,104345183,8,42
ModelSwinT_fvs_Noise_std0.05_20260715_070925,ModelSwinT_fvs,RMSELoss,2026-07-15 07:09:25,35/200,2026-07-15 07:43:08,0.104648,0.119723,False,0.00005000,53.89,104345183,8,42
ModelSwinT_fvs_Noise_std0.05_20260715_070925,ModelSwinT_fvs,RMSELoss,2026-07-15 07:09:25,36/200,2026-07-15 07:44:02,0.104219,0.114152,True,0.00005000,54.14,104345183,8,42
ModelSwinT_fvs_Noise_std0.05_20260715_070925,ModelSwinT_fvs,RMSELoss,2026-07-15 07:09:25,37/200,2026-07-15 07:45:02,0.101725,0.114237,False,0.00005000,53.22,104345183,8,42
ModelSwinT_fvs_Noise_std0.05_20260715_070925,ModelSwinT_fvs,RMSELoss,2026-07-15 07:09:25,38/200,2026-07-15 07:45:56,0.101956,0.114133,True,0.00005000,53.56,104345183,8,42
ModelSwinT_fvs_Noise_std0.05_20260715_070925,ModelSwinT_fvs,RMSELoss,2026-07-15 07:09:25,39/200,2026-07-15 07:46:57,0.101318,0.112542,True,0.00005000,53.73,104345183,8,42
ModelSwinT_fvs_Noise_std0.05_20260715_070925,ModelSwinT_fvs,RMSELoss,2026-07-15 07:09:25,40/200,2026-07-15 07:47:57,0.099902,0.113464,False,0.00002500,53.28,104345183,8,42
ModelSwinT_fvs_Noise_std0.05_20260715_070925,ModelSwinT_fvs,RMSELoss,2026-07-15 07:09:25,41/200,2026-07-15 07:48:51,0.096285,0.112280,True,0.00002500,53.92,104345183,8,42
ModelSwinT_fvs_Noise_std0.05_20260715_070925,ModelSwinT_fvs,RMSELoss,2026-07-15 07:09:25,42/200,2026-07-15 07:49:51,0.095250,0.112275,True,0.00002500,53.03,104345183,8,42
ModelSwinT_fvs_Noise_std0.05_20260715_070925,ModelSwinT_fvs,RMSELoss,2026-07-15 07:09:25,43/200,2026-07-15 07:50:51,0.095324,0.110718,True,0.00002500,53.78,104345183,8,42
ModelSwinT_fvs_Noise_std0.05_20260715_070925,ModelSwinT_fvs,RMSELoss,2026-07-15 07:09:25,44/200,2026-07-15 07:51:51,0.093337,0.110981,False,0.00002500,52.73,104345183,8,42
ModelSwinT_fvs_Noise_std0.05_20260715_070925,ModelSwinT_fvs,RMSELoss,2026-07-15 07:09:25,45/200,2026-07-15 07:52:45,0.092538,0.111368,False,0.00002500,54.03,104345183,8,42
ModelSwinT_fvs_Noise_std0.05_20260715_070925,ModelSwinT_fvs,RMSELoss,2026-07-15 07:09:25,46/200,2026-07-15 07:53:40,0.091762,0.110166,True,0.00002500,55.01,104345183,8,42
ModelSwinT_fvs_Noise_std0.05_20260715_070925,ModelSwinT_fvs,RMSELoss,2026-07-15 07:09:25,47/200,2026-07-15 07:54:41,0.090829,0.111092,False,0.00002500,54.16,104345183,8,42
ModelSwinT_fvs_Noise_std0.05_20260715_070925,ModelSwinT_fvs,RMSELoss,2026-07-15 07:09:25,48/200,2026-07-15 07:55:36,0.089743,0.111075,False,0.00002500,54.43,104345183,8,42
ModelSwinT_fvs_Noise_std0.05_20260715_070925,ModelSwinT_fvs,RMSELoss,2026-07-15 07:09:25,49/200,2026-07-15 07:56:29,0.089841,0.110181,False,0.00002500,53.16,104345183,8,42
ModelSwinT_fvs_Noise_std0.05_20260715_070925,ModelSwinT_fvs,RMSELoss,2026-07-15 07:09:25,50/200,2026-07-15 07:57:21,0.087969,0.110702,False,0.00002500,52.59,104345183,8,42
ModelSwinT_fvs_Noise_std0.05_20260715_070925,ModelSwinT_fvs,RMSELoss,2026-07-15 07:09:25,51/200,2026-07-15 07:58:16,0.087451,0.110698,False,0.00002500,54.20,104345183,8,42
ModelSwinT_fvs_Noise_std0.05_20260715_070925,ModelSwinT_fvs,RMSELoss,2026-07-15 07:09:25,52/200,2026-07-15 07:59:10,0.087893,0.110885,False,0.00002500,54.34,104345183,8,42
ModelSwinT_fvs_Noise_std0.05_20260715_070925,ModelSwinT_fvs,RMSELoss,2026-07-15 07:09:25,53/200,2026-07-15 08:00:04,0.086720,0.110360,False,0.00002500,54.25,104345183,8,42
ModelSwinT_fvs_Noise_std0.05_20260715_070925,ModelSwinT_fvs,RMSELoss,2026-07-15 07:09:25,54/200,2026-07-15 08:00:57,0.085736,0.110489,False,0.00002500,53.15,104345183,8,42
ModelSwinT_fvs_Noise_std0.05_20260715_070925,ModelSwinT_fvs,RMSELoss,2026-07-15 07:09:25,55/200,2026-07-15 08:01:50,0.085302,0.111119,False,0.00002500,53.01,104345183,8,42
ModelSwinT_fvs_Noise_std0.05_20260715_070925,ModelSwinT_fvs,RMSELoss,2026-07-15 07:09:25,56/200,2026-07-15 08:02:45,0.085392,0.110457,False,0.00002500,54.49,104345183,8,42
ModelSwinT_fvs_Noise_std0.05_20260715_070925,ModelSwinT_fvs,RMSELoss,2026-07-15 07:09:25,57/200,2026-07-15 08:03:40,0.084638,0.110808,False,0.00002500,54.76,104345183,8,42
ModelSwinT_fvs_Noise_std0.05_20260715_070925,ModelSwinT_fvs,RMSELoss,2026-07-15 07:09:25,58/200,2026-07-15 08:04:34,0.083391,0.110832,False,0.00002500,54.00,104345183,8,42
ModelSwinT_fvs_Noise_std0.05_20260715_070925,ModelSwinT_fvs,RMSELoss,2026-07-15 07:09:25,59/200,2026-07-15 08:05:27,0.083441,0.112352,False,0.00002500,53.18,104345183,8,42
ModelSwinT_fvs_Noise_std0.05_20260715_070925,ModelSwinT_fvs,RMSELoss,2026-07-15 07:09:25,60/200,2026-07-15 08:06:20,0.082638,0.110703,False,0.00001250,53.35,104345183,8,42
ModelSwinT_fvs_Noise_std0.05_20260715_070925,ModelSwinT_fvs,RMSELoss,2026-07-15 07:09:25,61/200,2026-07-15 08:07:16,0.080244,0.109910,True,0.00001250,55.30,104345183,8,42
ModelSwinT_fvs_Noise_std0.05_20260715_070925,ModelSwinT_fvs,RMSELoss,2026-07-15 07:09:25,62/200,2026-07-15 08:08:17,0.080176,0.109627,True,0.00001250,54.01,104345183,8,42
ModelSwinT_fvs_Noise_std0.05_20260715_070925,ModelSwinT_fvs,RMSELoss,2026-07-15 07:09:25,63/200,2026-07-15 08:09:18,0.079332,0.108470,True,0.00001250,54.21,104345183,8,42
ModelSwinT_fvs_Noise_std0.05_20260715_070925,ModelSwinT_fvs,RMSELoss,2026-07-15 07:09:25,64/200,2026-07-15 08:10:19,0.079304,0.108900,False,0.00001250,53.60,104345183,8,42
ModelSwinT_fvs_Noise_std0.05_20260715_070925,ModelSwinT_fvs,RMSELoss,2026-07-15 07:09:25,65/200,2026-07-15 08:11:13,0.078602,0.110546,False,0.00001250,54.43,104345183,8,42
ModelSwinT_fvs_Noise_std0.05_20260715_070925,ModelSwinT_fvs,RMSELoss,2026-07-15 07:09:25,66/200,2026-07-15 08:12:07,0.078609,0.110571,False,0.00001250,54.11,104345183,8,42
ModelSwinT_fvs_Noise_std0.05_20260715_070925,ModelSwinT_fvs,RMSELoss,2026-07-15 07:09:25,67/200,2026-07-15 08:13:00,0.077868,0.109996,False,0.00001250,53.16,104345183,8,42
ModelSwinT_fvs_Noise_std0.05_20260715_070925,ModelSwinT_fvs,RMSELoss,2026-07-15 07:09:25,68/200,2026-07-15 08:13:53,0.077553,0.108552,False,0.00001250,52.73,104345183,8,42
ModelSwinT_fvs_Noise_std0.05_20260715_070925,ModelSwinT_fvs,RMSELoss,2026-07-15 07:09:25,69/200,2026-07-15 08:14:47,0.077466,0.109003,False,0.00001250,53.96,104345183,8,42
ModelSwinT_fvs_Noise_std0.05_20260715_070925,ModelSwinT_fvs,RMSELoss,2026-07-15 07:09:25,70/200,2026-07-15 08:15:42,0.077375,0.108186,True,0.00001250,54.61,104345183,8,42
ModelSwinT_fvs_Noise_std0.05_20260715_070925,ModelSwinT_fvs,RMSELoss,2026-07-15 07:09:25,71/200,2026-07-15 08:16:43,0.076265,0.109251,False,0.00001250,54.33,104345183,8,42
ModelSwinT_fvs_Noise_std0.05_20260715_070925,ModelSwinT_fvs,RMSELoss,2026-07-15 07:09:25,72/200,2026-07-15 08:17:38,0.077036,0.109596,False,0.00001250,54.64,104345183,8,42
ModelSwinT_fvs_Noise_std0.05_20260715_070925,ModelSwinT_fvs,RMSELoss,2026-07-15 07:09:25,73/200,2026-07-15 08:18:31,0.076715,0.108914,False,0.00001250,53.75,104345183,8,42
ModelSwinT_fvs_Noise_std0.05_20260715_070925,ModelSwinT_fvs,RMSELoss,2026-07-15 07:09:25,74/200,2026-07-15 08:19:25,0.075528,0.107106,True,0.00001250,53.45,104345183,8,42
ModelSwinT_fvs_Noise_std0.05_20260715_070925,ModelSwinT_fvs,RMSELoss,2026-07-15 07:09:25,75/200,2026-07-15 08:20:24,0.075590,0.109363,False,0.00001250,52.85,104345183,8,42
ModelSwinT_fvs_Noise_std0.05_20260715_070925,ModelSwinT_fvs,RMSELoss,2026-07-15 07:09:25,76/200,2026-07-15 08:21:18,0.075239,0.107567,False,0.00001250,54.00,104345183,8,42
ModelSwinT_fvs_Noise_std0.05_20260715_070925,ModelSwinT_fvs,RMSELoss,2026-07-15 07:09:25,77/200,2026-07-15 08:22:13,0.074820,0.107425,False,0.00001250,54.65,104345183,8,42
ModelSwinT_fvs_Noise_std0.05_20260715_070925,ModelSwinT_fvs,RMSELoss,2026-07-15 07:09:25,78/200,2026-07-15 08:23:07,0.075178,0.108378,False,0.00001250,53.93,104345183,8,42
ModelSwinT_fvs_Noise_std0.05_20260715_070925,ModelSwinT_fvs,RMSELoss,2026-07-15 07:09:25,79/200,2026-07-15 08:24:01,0.074781,0.107361,False,0.00001250,53.51,104345183,8,42
ModelSwinT_fvs_Noise_std0.05_20260715_070925,ModelSwinT_fvs,RMSELoss,2026-07-15 07:09:25,80/200,2026-07-15 08:24:54,0.074299,0.108359,False,0.00000625,53.22,104345183,8,42
ModelSwinT_fvs_Noise_std0.05_20260715_070925,ModelSwinT_fvs,RMSELoss,2026-07-15 07:09:25,81/200,2026-07-15 08:25:48,0.073320,0.107145,False,0.00000625,54.44,104345183,8,42
ModelSwinT_fvs_Noise_std0.05_20260715_070925,ModelSwinT_fvs,RMSELoss,2026-07-15 07:09:25,82/200,2026-07-15 08:26:43,0.073098,0.107310,False,0.00000625,54.68,104345183,8,42
ModelSwinT_fvs_Noise_std0.05_20260715_070925,ModelSwinT_fvs,RMSELoss,2026-07-15 07:09:25,83/200,2026-07-15 08:27:37,0.073054,0.108363,False,0.00000625,54.34,104345183,8,42
ModelSwinT_fvs_Noise_std0.05_20260715_070925,ModelSwinT_fvs,RMSELoss,2026-07-15 07:09:25,84/200,2026-07-15 08:28:31,0.072210,0.107056,True,0.00000625,53.44,104345183,8,42
ModelSwinT_fvs_Noise_std0.05_20260715_070925,ModelSwinT_fvs,RMSELoss,2026-07-15 07:09:25,85/200,2026-07-15 08:29:31,0.072185,0.107040,True,0.00000625,53.81,104345183,8,42
ModelSwinT_fvs_Noise_std0.05_20260715_070925,ModelSwinT_fvs,RMSELoss,2026-07-15 07:09:25,86/200,2026-07-15 08:30:32,0.072035,0.107223,False,0.00000625,53.41,104345183,8,42
ModelSwinT_fvs_Noise_std0.05_20260715_070925,ModelSwinT_fvs,RMSELoss,2026-07-15 07:09:25,87/200,2026-07-15 08:31:25,0.072188,0.107567,False,0.00000625,53.36,104345183,8,42
ModelSwinT_fvs_Noise_std0.05_20260715_070925,ModelSwinT_fvs,RMSELoss,2026-07-15 07:09:25,88/200,2026-07-15 08:32:19,0.071440,0.107657,False,0.00000625,53.73,104345183,8,42
ModelSwinT_fvs_Noise_std0.05_20260715_070925,ModelSwinT_fvs,RMSELoss,2026-07-15 07:09:25,89/200,2026-07-15 08:33:14,0.070933,0.107924,False,0.00000625,54.79,104345183,8,42
ModelSwinT_fvs_Noise_std0.05_20260715_070925,ModelSwinT_fvs,RMSELoss,2026-07-15 07:09:25,90/200,2026-07-15 08:34:08,0.071766,0.108309,False,0.00000625,54.07,104345183,8,42
ModelSwinT_fvs_Noise_std0.05_20260715_070925,ModelSwinT_fvs,RMSELoss,2026-07-15 07:09:25,91/200,2026-07-15 08:35:01,0.070899,0.107370,False,0.00000625,53.40,104345183,8,42
ModelSwinT_fvs_Noise_std0.05_20260715_070925,ModelSwinT_fvs,RMSELoss,2026-07-15 07:09:25,92/200,2026-07-15 08:35:54,0.070733,0.107264,False,0.00000625,53.21,104345183,8,42
ModelSwinT_fvs_Noise_std0.05_20260715_070925,ModelSwinT_fvs,RMSELoss,2026-07-15 07:09:25,93/200,2026-07-15 08:36:48,0.070875,0.107250,False,0.00000625,53.93,104345183,8,42
ModelSwinT_fvs_Noise_std0.05_20260715_070925,ModelSwinT_fvs,RMSELoss,2026-07-15 07:09:25,94/200,2026-07-15 08:37:42,0.071030,0.107938,False,0.00000625,53.90,104345183,8,42
ModelSwinT_fvs_Noise_std0.05_20260715_070925,ModelSwinT_fvs,RMSELoss,2026-07-15 07:09:25,95/200,2026-07-15 08:38:37,0.069876,0.107519,False,0.00000625,54.54,104345183,8,42
ModelSwinT_fvs_Noise_std0.05_20260715_070925,ModelSwinT_fvs,RMSELoss,2026-07-15 07:09:25,96/200,2026-07-15 08:39:31,0.070608,0.106852,True,0.00000625,54.11,104345183,8,42
ModelSwinT_fvs_Noise_std0.05_20260715_070925,ModelSwinT_fvs,RMSELoss,2026-07-15 07:09:25,97/200,2026-07-15 08:40:31,0.070428,0.106872,False,0.00000625,53.79,104345183,8,42
ModelSwinT_fvs_Noise_std0.05_20260715_070925,ModelSwinT_fvs,RMSELoss,2026-07-15 07:09:25,98/200,2026-07-15 08:41:25,0.070480,0.107322,False,0.00000625,53.39,104345183,8,42
ModelSwinT_fvs_Noise_std0.05_20260715_070925,ModelSwinT_fvs,RMSELoss,2026-07-15 07:09:25,99/200,2026-07-15 08:42:19,0.070018,0.106641,True,0.00000625,53.86,104345183,8,42
ModelSwinT_fvs_Noise_std0.05_20260715_070925,ModelSwinT_fvs,RMSELoss,2026-07-15 07:09:25,100/200,2026-07-15 08:43:19,0.070500,0.107354,False,0.00000313,53.31,104345183,8,42
ModelSwinT_fvs_Noise_std0.05_20260715_070925,ModelSwinT_fvs,RMSELoss,2026-07-15 07:09:25,101/200,2026-07-15 08:44:13,0.069304,0.107029,False,0.00000313,54.53,104345183,8,42
ModelSwinT_fvs_Noise_std0.05_20260715_070925,ModelSwinT_fvs,RMSELoss,2026-07-15 07:09:25,102/200,2026-07-15 08:45:07,0.069177,0.106897,False,0.00000313,53.76,104345183,8,42
ModelSwinT_fvs_Noise_std0.05_20260715_070925,ModelSwinT_fvs,RMSELoss,2026-07-15 07:09:25,103/200,2026-07-15 08:46:01,0.069467,0.107144,False,0.00000313,53.35,104345183,8,42
ModelSwinT_fvs_Noise_std0.05_20260715_070925,ModelSwinT_fvs,RMSELoss,2026-07-15 07:09:25,104/200,2026-07-15 08:46:54,0.068560,0.107219,False,0.00000313,53.20,104345183,8,42
ModelSwinT_fvs_Noise_std0.05_20260715_070925,ModelSwinT_fvs,RMSELoss,2026-07-15 07:09:25,105/200,2026-07-15 08:47:48,0.068726,0.106913,False,0.00000313,54.06,104345183,8,42
ModelSwinT_fvs_Noise_std0.05_20260715_070925,ModelSwinT_fvs,RMSELoss,2026-07-15 07:09:25,106/200,2026-07-15 08:48:42,0.069420,0.107356,False,0.00000313,54.28,104345183,8,42
ModelSwinT_fvs_Noise_std0.05_20260715_070925,ModelSwinT_fvs,RMSELoss,2026-07-15 07:09:25,107/200,2026-07-15 08:49:37,0.068417,0.107199,False,0.00000313,54.53,104345183,8,42
ModelSwinT_fvs_Noise_std0.05_20260715_070925,ModelSwinT_fvs,RMSELoss,2026-07-15 07:09:25,108/200,2026-07-15 08:50:30,0.068316,0.106844,False,0.00000313,53.11,104345183,8,42
ModelSwinT_fvs_Noise_std0.05_20260715_070925,ModelSwinT_fvs,RMSELoss,2026-07-15 07:09:25,109/200,2026-07-15 08:51:23,0.068890,0.106494,True,0.00000313,53.16,104345183,8,42
ModelSwinT_fvs_Noise_std0.05_20260715_070925,ModelSwinT_fvs,RMSELoss,2026-07-15 07:09:25,110/200,2026-07-15 08:52:22,0.068443,0.106782,False,0.00000313,52.26,104345183,8,42
ModelSwinT_fvs_Noise_std0.05_20260715_070925,ModelSwinT_fvs,RMSELoss,2026-07-15 07:09:25,111/200,2026-07-15 08:53:16,0.068521,0.106946,False,0.00000313,53.79,104345183,8,42
ModelSwinT_fvs_Noise_std0.05_20260715_070925,ModelSwinT_fvs,RMSELoss,2026-07-15 07:09:25,112/200,2026-07-15 08:54:10,0.068715,0.106947,False,0.00000313,54.09,104345183,8,42
ModelSwinT_fvs_Noise_std0.05_20260715_070925,ModelSwinT_fvs,RMSELoss,2026-07-15 07:09:25,113/200,2026-07-15 08:55:04,0.068127,0.107590,False,0.00000313,53.88,104345183,8,42
ModelSwinT_fvs_Noise_std0.05_20260715_070925,ModelSwinT_fvs,RMSELoss,2026-07-15 07:09:25,114/200,2026-07-15 08:55:57,0.068582,0.107325,False,0.00000313,53.04,104345183,8,42
ModelSwinT_fvs_Noise_std0.05_20260715_070925,ModelSwinT_fvs,RMSELoss,2026-07-15 07:09:25,115/200,2026-07-15 08:56:50,0.068127,0.107772,False,0.00000313,53.50,104345183,8,42
ModelSwinT_fvs_Noise_std0.05_20260715_070925,ModelSwinT_fvs,RMSELoss,2026-07-15 07:09:25,116/200,2026-07-15 08:57:45,0.067958,0.107317,False,0.00000313,54.61,104345183,8,42
ModelSwinT_fvs_Noise_std0.05_20260715_070925,ModelSwinT_fvs,RMSELoss,2026-07-15 07:09:25,117/200,2026-07-15 08:58:40,0.067975,0.106594,False,0.00000313,54.71,104345183,8,42
ModelSwinT_fvs_Noise_std0.05_20260715_070925,ModelSwinT_fvs,RMSELoss,2026-07-15 07:09:25,118/200,2026-07-15 08:59:34,0.067694,0.106893,False,0.00000313,54.25,104345183,8,42
ModelSwinT_fvs_Noise_std0.05_20260715_070925,ModelSwinT_fvs,RMSELoss,2026-07-15 07:09:25,119/200,2026-07-15 09:00:27,0.067317,0.107182,False,0.00000313,53.54,104345183,8,42
ModelSwinT_fvs_Noise_std0.05_20260715_070925,ModelSwinT_fvs,RMSELoss,2026-07-15 07:09:25,120/200,2026-07-15 09:01:21,0.067643,0.107264,False,0.00000156,53.64,104345183,8,42
ModelSwinT_fvs_Noise_std0.05_20260715_070925,ModelSwinT_fvs,RMSELoss,2026-07-15 07:09:25,121/200,2026-07-15 09:02:15,0.067028,0.107045,False,0.00000156,54.20,104345183,8,42
ModelSwinT_fvs_Noise_std0.05_20260715_070925,ModelSwinT_fvs,RMSELoss,2026-07-15 07:09:25,122/200,2026-07-15 09:03:09,0.066943,0.107365,False,0.00000156,54.00,104345183,8,42
ModelSwinT_fvs_Noise_std0.05_20260715_070925,ModelSwinT_fvs,RMSELoss,2026-07-15 07:09:25,123/200,2026-07-15 09:04:03,0.067053,0.107249,False,0.00000156,54.21,104345183,8,42
ModelSwinT_fvs_Noise_std0.05_20260715_070925,ModelSwinT_fvs,RMSELoss,2026-07-15 07:09:25,124/200,2026-07-15 09:04:57,0.066981,0.107208,False,0.00000156,53.30,104345183,8,42
ModelSwinT_fvs_Noise_std0.05_20260715_070925,ModelSwinT_fvs,RMSELoss,2026-07-15 07:09:25,125/200,2026-07-15 09:05:50,0.067303,0.106973,False,0.00000156,53.60,104345183,8,42
ModelSwinT_fvs_Noise_std0.05_20260715_070925,ModelSwinT_fvs,RMSELoss,2026-07-15 07:09:25,126/200,2026-07-15 09:06:44,0.066921,0.107520,False,0.00000156,54.08,104345183,8,42
ModelSwinT_fvs_Noise_std0.05_20260715_070925,ModelSwinT_fvs,RMSELoss,2026-07-15 07:09:25,127/200,2026-07-15 09:07:39,0.067072,0.107365,False,0.00000156,54.57,104345183,8,42
ModelSwinT_fvs_Noise_std0.05_20260715_070925,ModelSwinT_fvs,RMSELoss,2026-07-15 07:09:25,128/200,2026-07-15 09:08:33,0.067215,0.107068,False,0.00000156,54.00,104345183,8,42
ModelSwinT_fvs_Noise_std0.05_20260715_070925,ModelSwinT_fvs,RMSELoss,2026-07-15 07:09:25,129/200,2026-07-15 09:09:26,0.067193,0.107221,False,0.00000156,53.32,104345183,8,42
ModelSwinT_fvs_Noise_std0.05_20260715_070925,ModelSwinT_fvs,RMSELoss,2026-07-15 07:09:25,130/200,2026-07-15 09:10:19,0.067427,0.107167,False,0.00000156,53.02,104345183,8,42
ModelSwinT_fvs_Noise_std0.05_20260715_070925,ModelSwinT_fvs,RMSELoss,2026-07-15 07:09:25,131/200,2026-07-15 09:11:14,0.066878,0.107229,False,0.00000156,54.17,104345183,8,42
ModelSwinT_fvs_Noise_std0.05_20260715_070925,ModelSwinT_fvs,RMSELoss,2026-07-15 07:09:25,132/200,2026-07-15 09:12:08,0.066264,0.107203,False,0.00000156,54.49,104345183,8,42
ModelSwinT_fvs_Noise_std0.05_20260715_070925,ModelSwinT_fvs,RMSELoss,2026-07-15 07:09:25,133/200,2026-07-15 09:13:01,0.066398,0.107109,False,0.00000156,53.31,104345183,8,42
ModelSwinT_fvs_Noise_std0.05_20260715_070925,ModelSwinT_fvs,RMSELoss,2026-07-15 07:09:25,134/200,2026-07-15 09:13:55,0.066664,0.107235,False,0.00000156,53.64,104345183,8,42
ModelSwinT_fvs_Noise_std0.05_20260715_070925,ModelSwinT_fvs,RMSELoss,2026-07-15 07:09:25,135/200,2026-07-15 09:14:49,0.066827,0.107362,False,0.00000156,53.68,104345183,8,42
ModelSwinT_fvs_Noise_std0.05_20260715_070925,ModelSwinT_fvs,RMSELoss,2026-07-15 07:09:25,136/200,2026-07-15 09:15:43,0.066586,0.107271,False,0.00000156,54.67,104345183,8,42
ModelSwinT_fvs_Noise_std0.05_20260715_070925,ModelSwinT_fvs,RMSELoss,2026-07-15 07:09:25,137/200,2026-07-15 09:16:37,0.066119,0.106920,False,0.00000156,53.75,104345183,8,42
ModelSwinT_fvs_Noise_std0.05_20260715_070925,ModelSwinT_fvs,RMSELoss,2026-07-15 07:09:25,138/200,2026-07-15 09:17:31,0.066192,0.107074,False,0.00000156,53.77,104345183,8,42
ModelSwinT_fvs_Noise_std0.05_20260715_070925,ModelSwinT_fvs,RMSELoss,2026-07-15 07:09:25,139/200,2026-07-15 09:18:24,0.066216,0.106963,False,0.00000156,53.35,104345183,8,42
ModelSwinT_fvs_Noise_std0.05_20260715_070925,ModelSwinT_fvs,RMSELoss,2026-07-15 07:09:25,140/200,2026-07-15 09:19:18,0.066554,0.107375,False,0.00000078,53.73,104345183,8,42
ModelSwinT_fvs_Noise_std0.05_20260715_070925,ModelSwinT_fvs,RMSELoss,2026-07-15 07:09:25,141/200,2026-07-15 09:20:12,0.066342,0.107254,False,0.00000078,54.01,104345183,8,42
ModelSwinT_fvs_Noise_std0.05_20260715_070925,ModelSwinT_fvs,RMSELoss,2026-07-15 07:09:25,142/200,2026-07-15 09:21:07,0.066282,0.107110,False,0.00000078,54.63,104345183,8,42
ModelSwinT_fvs_Noise_std0.05_20260715_070925,ModelSwinT_fvs,RMSELoss,2026-07-15 07:09:25,143/200,2026-07-15 09:22:01,0.066023,0.107312,False,0.00000078,53.97,104345183,8,42
ModelSwinT_fvs_Noise_std0.05_20260715_070925,ModelSwinT_fvs,RMSELoss,2026-07-15 07:09:25,144/200,2026-07-15 09:22:54,0.066225,0.107375,False,0.00000078,53.37,104345183,8,42
ModelSwinT_fvs_Noise_std0.05_20260715_070925,ModelSwinT_fvs,RMSELoss,2026-07-15 07:09:25,145/200,2026-07-15 09:23:48,0.066106,0.107405,False,0.00000078,53.73,104345183,8,42
ModelSwinT_fvs_Noise_std0.05_20260715_070925,ModelSwinT_fvs,RMSELoss,2026-07-15 07:09:25,146/200,2026-07-15 09:24:42,0.066072,0.107335,False,0.00000078,53.83,104345183,8,42
ModelSwinT_fvs_Noise_std0.05_20260715_070925,ModelSwinT_fvs,RMSELoss,2026-07-15 07:09:25,147/200,2026-07-15 09:25:36,0.066064,0.107234,False,0.00000078,54.51,104345183,8,42
ModelSwinT_fvs_Noise_std0.05_20260715_070925,ModelSwinT_fvs,RMSELoss,2026-07-15 07:09:25,148/200,2026-07-15 09:26:30,0.066717,0.107358,False,0.00000078,53.42,104345183,8,42
ModelSwinT_fvs_Noise_std0.05_20260715_070925,ModelSwinT_fvs,RMSELoss,2026-07-15 07:09:25,149/200,2026-07-15 09:27:22,0.066169,0.107142,False,0.00000078,52.79,104345183,8,42
ModelSwinT_fvs_Noise_std0.05_20260715_070925,ModelSwinT_fvs,RMSELoss,2026-07-15 07:09:25,150/200,2026-07-15 09:28:16,0.066541,0.107266,False,0.00000078,54.14,104345183,8,42
ModelSwinT_fvs_Noise_std0.05_20260715_070925,ModelSwinT_fvs,RMSELoss,2026-07-15 07:09:25,151/200,2026-07-15 09:29:11,0.066282,0.107355,False,0.00000078,54.58,104345183,8,42
ModelSwinT_fvs_Noise_std0.05_20260715_070925,ModelSwinT_fvs,RMSELoss,2026-07-15 07:09:25,152/200,2026-07-15 09:30:06,0.066246,0.107107,False,0.00000078,54.54,104345183,8,42
ModelSwinT_fvs_Noise_std0.05_20260715_070925,ModelSwinT_fvs,RMSELoss,2026-07-15 07:09:25,153/200,2026-07-15 09:30:59,0.065890,0.107132,False,0.00000078,53.46,104345183,8,42
ModelSwinT_fvs_Noise_std0.05_20260715_070925,ModelSwinT_fvs,RMSELoss,2026-07-15 07:09:25,154/200,2026-07-15 09:31:52,0.065855,0.107173,False,0.00000078,53.16,104345183,8,42
ModelEfficientNetB0_fvs_Noise_std0.05_20260715_150322,ModelEfficientNetB0_fvs_Noise_std0.05,RMSELoss,2026-07-15 15:03:22,1/200,2026-07-15 15:04:19,0.164536,0.429315,True,0.00010000,57.35,81357665,8,42
ModelEfficientNetB0_fvs_Noise_std0.05_20260715_150322,ModelEfficientNetB0_fvs_Noise_std0.05,RMSELoss,2026-07-15 15:03:22,2/200,2026-07-15 15:05:37,0.133911,0.352416,True,0.00010000,68.65,81357665,8,42
ModelEfficientNetB0_fvs_Noise_std0.05_20260715_150322,ModelEfficientNetB0_fvs_Noise_std0.05,RMSELoss,2026-07-15 15:03:22,3/200,2026-07-15 15:07:06,0.124530,0.245813,True,0.00010000,81.42,81357665,8,42
ModelEfficientNetB0_fvs_Noise_std0.05_20260715_150322,ModelEfficientNetB0_fvs_Noise_std0.05,RMSELoss,2026-07-15 15:03:22,4/200,2026-07-15 15:08:36,0.117447,0.256865,False,0.00010000,81.34,81357665,8,42
ModelEfficientNetB0_fvs_Noise_std0.05_20260715_150322,ModelEfficientNetB0_fvs_Noise_std0.05,RMSELoss,2026-07-15 15:03:22,5/200,2026-07-15 15:09:58,0.112490,0.217433,True,0.00010000,81.53,81357665,8,42
ModelEfficientNetB0_fvs_Noise_std0.05_20260715_150322,ModelEfficientNetB0_fvs_Noise_std0.05,RMSELoss,2026-07-15 15:03:22,6/200,2026-07-15 15:11:28,0.111068,0.213656,True,0.00010000,81.43,81357665,8,42
ModelEfficientNetB0_fvs_Noise_std0.05_20260715_150322,ModelEfficientNetB0_fvs_Noise_std0.05,RMSELoss,2026-07-15 15:03:22,7/200,2026-07-15 15:12:58,0.107250,0.198720,True,0.00010000,80.76,81357665,8,42
ModelEfficientNetB0_fvs_Noise_std0.05_20260715_150322,ModelEfficientNetB0_fvs_Noise_std0.05,RMSELoss,2026-07-15 15:03:22,8/200,2026-07-15 15:14:27,0.105155,0.194397,True,0.00010000,80.91,81357665,8,42
ModelEfficientNetB0_fvs_Noise_std0.05_20260715_150322,ModelEfficientNetB0_fvs_Noise_std0.05,RMSELoss,2026-07-15 15:03:22,9/200,2026-07-15 15:15:31,0.102491,0.196965,False,0.00010000,55.43,81357665,8,42
ModelEfficientNetB0_fvs_Noise_std0.05_20260715_150322,ModelEfficientNetB0_fvs_Noise_std0.05,RMSELoss,2026-07-15 15:03:22,10/200,2026-07-15 15:16:42,0.101701,0.178224,True,0.00010000,71.14,81357665,8,42
ModelEfficientNetB0_fvs_Noise_std0.05_20260715_150322,ModelEfficientNetB0_fvs_Noise_std0.05,RMSELoss,2026-07-15 15:03:22,11/200,2026-07-15 15:18:07,0.099847,0.189988,False,0.00010000,76.88,81357665,8,42
ModelEfficientNetB0_fvs_Noise_std0.05_20260715_150322,ModelEfficientNetB0_fvs_Noise_std0.05,RMSELoss,2026-07-15 15:03:22,12/200,2026-07-15 15:19:27,0.098109,0.187640,False,0.00010000,80.58,81357665,8,42
ModelEfficientNetB0_fvs_Noise_std0.05_20260715_150322,ModelEfficientNetB0_fvs_Noise_std0.05,RMSELoss,2026-07-15 15:03:22,13/200,2026-07-15 15:20:49,0.095233,0.177248,True,0.00010000,81.21,81357665,8,42
ModelEfficientNetB0_fvs_Noise_std0.05_20260715_150322,ModelEfficientNetB0_fvs_Noise_std0.05,RMSELoss,2026-07-15 15:03:22,14/200,2026-07-15 15:22:18,0.094340,0.296550,False,0.00010000,80.73,81357665,8,42
ModelEfficientNetB0_fvs_Noise_std0.05_20260715_150322,ModelEfficientNetB0_fvs_Noise_std0.05,RMSELoss,2026-07-15 15:03:22,15/200,2026-07-15 15:23:38,0.092701,0.215848,False,0.00010000,80.39,81357665,8,42
ModelEfficientNetB0_fvs_Noise_std0.05_20260715_150322,ModelEfficientNetB0_fvs_Noise_std0.05,RMSELoss,2026-07-15 15:03:22,16/200,2026-07-15 15:24:59,0.090706,0.338239,False,0.00010000,80.27,81357665,8,42
ModelEfficientNetB0_fvs_Noise_std0.05_20260715_150322,ModelEfficientNetB0_fvs_Noise_std0.05,RMSELoss,2026-07-15 15:03:22,17/200,2026-07-15 15:26:10,0.090030,0.217442,False,0.00010000,71.66,81357665,8,42
ModelEfficientNetB0_fvs_Noise_std0.05_20260715_150322,ModelEfficientNetB0_fvs_Noise_std0.05,RMSELoss,2026-07-15 15:03:22,18/200,2026-07-15 15:27:12,0.088369,0.239930,False,0.00010000,61.57,81357665,8,42
ModelEfficientNetB0_fvs_Noise_std0.05_20260715_150322,ModelEfficientNetB0_fvs_Noise_std0.05,RMSELoss,2026-07-15 15:03:22,19/200,2026-07-15 15:28:20,0.086748,0.216665,False,0.00010000,68.10,81357665,8,42
ModelEfficientNetB0_fvs_Noise_std0.05_20260715_150322,ModelEfficientNetB0_fvs_Noise_std0.05,RMSELoss,2026-07-15 15:03:22,20/200,2026-07-15 15:29:38,0.085951,0.202721,False,0.00005000,78.17,81357665,8,42
ModelEfficientNetB0_fvs_Noise_std0.05_20260715_150322,ModelEfficientNetB0_fvs_Noise_std0.05,RMSELoss,2026-07-15 15:03:22,21/200,2026-07-15 15:30:57,0.081220,0.192968,False,0.00005000,79.13,81357665,8,42
ModelEfficientNetB0_fvs_Noise_std0.05_20260715_150322,ModelEfficientNetB0_fvs_Noise_std0.05,RMSELoss,2026-07-15 15:03:22,22/200,2026-07-15 15:32:17,0.079176,0.228276,False,0.00005000,79.44,81357665,8,42
ModelEfficientNetB0_fvs_Noise_std0.05_20260715_150322,ModelEfficientNetB0_fvs_Noise_std0.05,RMSELoss,2026-07-15 15:03:22,23/200,2026-07-15 15:33:36,0.078510,0.275661,False,0.00005000,79.68,81357665,8,42
ModelEfficientNetB0_fvs_Noise_std0.05_20260715_150322,ModelEfficientNetB0_fvs_Noise_std0.05,RMSELoss,2026-07-15 15:03:22,24/200,2026-07-15 15:34:56,0.077428,3.670022,False,0.00005000,79.28,81357665,8,42
ModelEfficientNetB0_fvs_Noise_std0.05_20260715_150322,ModelEfficientNetB0_fvs_Noise_std0.05,RMSELoss,2026-07-15 15:03:22,25/200,2026-07-15 15:36:15,0.076782,3.555772,False,0.00005000,79.62,81357665,8,42
ModelEfficientNetB0_fvs_Noise_std0.05_20260715_150322,ModelEfficientNetB0_fvs_Noise_std0.05,RMSELoss,2026-07-15 15:03:22,26/200,2026-07-15 15:37:35,0.075376,0.309481,False,0.00005000,80.21,81357665,8,42
ModelEfficientNetB0_fvs_Noise_std0.05_20260715_150322,ModelEfficientNetB0_fvs_Noise_std0.05,RMSELoss,2026-07-15 15:03:22,27/200,2026-07-15 15:38:31,0.075460,2.353920,False,0.00005000,55.40,81357665,8,42
ModelEfficientNetB0_fvs_Noise_std0.05_20260715_150322,ModelEfficientNetB0_fvs_Noise_std0.05,RMSELoss,2026-07-15 15:03:22,28/200,2026-07-15 15:39:45,0.073624,0.346736,False,0.00005000,74.29,81357665,8,42
ModelEfficientNetB0_fvs_Noise_std0.05_20260715_150322,ModelEfficientNetB0_fvs_Noise_std0.05,RMSELoss,2026-07-15 15:03:22,29/200,2026-07-15 15:40:59,0.072699,2.046489,False,0.00005000,74.14,81357665,8,42
ModelEfficientNetB0_fvs_Noise_std0.05_20260715_150322,ModelEfficientNetB0_fvs_Noise_std0.05,RMSELoss,2026-07-15 15:03:22,30/200,2026-07-15 15:42:20,0.072239,0.414824,False,0.00005000,80.56,81357665,8,42
ModelEfficientNetB0_fvs_Noise_std0.05_20260715_150322,ModelEfficientNetB0_fvs_Noise_std0.05,RMSELoss,2026-07-15 15:03:22,31/200,2026-07-15 15:43:39,0.072189,0.269543,False,0.00005000,79.46,81357665,8,42
ModelEfficientNetB0_fvs_Noise_std0.05_20260715_150322,ModelEfficientNetB0_fvs_Noise_std0.05,RMSELoss,2026-07-15 15:03:22,32/200,2026-07-15 15:44:59,0.071229,0.251183,False,0.00005000,79.53,81357665,8,42
ModelEfficientNetB0_fvs_Noise_std0.05_20260715_150322,ModelEfficientNetB0_fvs_Noise_std0.05,RMSELoss,2026-07-15 15:03:22,33/200,2026-07-15 15:46:18,0.070466,0.221024,False,0.00005000,79.47,81357665,8,42
ModelEfficientNetB0_fvs_Noise_std0.05_20260715_150322,ModelEfficientNetB0_fvs_Noise_std0.05,RMSELoss,2026-07-15 15:03:22,34/200,2026-07-15 15:47:38,0.070019,0.235616,False,0.00005000,79.71,81357665,8,42
ModelEfficientNetB0_fvs_Noise_std0.05_20260715_150322,ModelEfficientNetB0_fvs_Noise_std0.05,RMSELoss,2026-07-15 15:03:22,35/200,2026-07-15 15:48:58,0.069268,0.187821,False,0.00005000,79.58,81357665,8,42
ModelEfficientNetB0_fvs_Noise_std0.05_20260715_150322,ModelEfficientNetB0_fvs_Noise_std0.05,RMSELoss,2026-07-15 15:03:22,36/200,2026-07-15 15:49:54,0.068955,0.214166,False,0.00005000,56.21,81357665,8,42
ModelEfficientNetB0_fvs_Noise_std0.05_20260715_150322,ModelEfficientNetB0_fvs_Noise_std0.05,RMSELoss,2026-07-15 15:03:22,37/200,2026-07-15 15:51:13,0.067900,0.204705,False,0.00005000,78.88,81357665,8,42
ModelEfficientNetB0_fvs_Noise_std0.05_20260715_150322,ModelEfficientNetB0_fvs_Noise_std0.05,RMSELoss,2026-07-15 15:03:22,38/200,2026-07-15 15:52:11,0.068499,0.326137,False,0.00005000,58.03,81357665,8,42
ModelEfficientNetB0_fvs_Noise_std0.05_20260715_150322,ModelEfficientNetB0_fvs_Noise_std0.05,RMSELoss,2026-07-15 15:03:22,39/200,2026-07-15 15:53:30,0.067540,0.551841,False,0.00005000,79.63,81357665,8,42
ModelEfficientNetB0_fvs_Noise_std0.05_20260715_150322,ModelEfficientNetB0_fvs_Noise_std0.05,RMSELoss,2026-07-15 15:03:22,40/200,2026-07-15 15:54:50,0.066909,0.216373,False,0.00002500,79.62,81357665,8,42
ModelEfficientNetB0_fvs_Noise_std0.05_20260715_150322,ModelEfficientNetB0_fvs_Noise_std0.05,RMSELoss,2026-07-15 15:03:22,41/200,2026-07-15 15:56:09,0.064238,0.217625,False,0.00002500,79.45,81357665,8,42
ModelEfficientNetB0_fvs_Noise_std0.05_20260715_150322,ModelEfficientNetB0_fvs_Noise_std0.05,RMSELoss,2026-07-15 15:03:22,42/200,2026-07-15 15:57:29,0.063204,0.215410,False,0.00002500,79.29,81357665,8,42
ModelEfficientNetB0_fvs_Noise_std0.05_20260715_150322,ModelEfficientNetB0_fvs_Noise_std0.05,RMSELoss,2026-07-15 15:03:22,43/200,2026-07-15 15:58:51,0.062925,0.230818,False,0.00002500,82.69,81357665,8,42
ModelEfficientNetB0_fvs_Noise_std0.05_20260715_150322,ModelEfficientNetB0_fvs_Noise_std0.05,RMSELoss,2026-07-15 15:03:22,44/200,2026-07-15 16:00:13,0.062562,0.216470,False,0.00002500,81.65,81357665,8,42
ModelEfficientNetB0_fvs_Noise_std0.05_20260715_150322,ModelEfficientNetB0_fvs_Noise_std0.05,RMSELoss,2026-07-15 15:03:22,45/200,2026-07-15 16:01:20,0.061479,0.222602,False,0.00002500,66.38,81357665,8,42
ModelEfficientNetB0_fvs_Noise_std0.05_20260715_150322,ModelEfficientNetB0_fvs_Noise_std0.05,RMSELoss,2026-07-15 15:03:22,46/200,2026-07-15 16:02:30,0.061875,0.232313,False,0.00002500,70.81,81357665,8,42
ModelEfficientNetB0_fvs_Noise_std0.05_20260715_150322,ModelEfficientNetB0_fvs_Noise_std0.05,RMSELoss,2026-07-15 15:03:22,47/200,2026-07-15 16:03:38,0.060830,0.242810,False,0.00002500,67.46,81357665,8,42
ModelEfficientNetB0_fvs_Noise_std0.05_20260715_150322,ModelEfficientNetB0_fvs_Noise_std0.05,RMSELoss,2026-07-15 15:03:22,48/200,2026-07-15 16:04:59,0.060675,0.223127,False,0.00002500,80.87,81357665,8,42
ModelEfficientNetB0_fvs_Noise_std0.05_20260715_150322,ModelEfficientNetB0_fvs_Noise_std0.05,RMSELoss,2026-07-15 15:03:22,49/200,2026-07-15 16:06:20,0.060642,0.225206,False,0.00002500,81.04,81357665,8,42
ModelEfficientNetB0_fvs_Noise_std0.05_20260715_150322,ModelEfficientNetB0_fvs_Noise_std0.05,RMSELoss,2026-07-15 15:03:22,50/200,2026-07-15 16:07:41,0.060267,0.220026,False,0.00002500,80.95,81357665,8,42
ModelEfficientNetB0_fvs_Noise_std0.05_20260715_150322,ModelEfficientNetB0_fvs_Noise_std0.05,RMSELoss,2026-07-15 15:03:22,51/200,2026-07-15 16:09:02,0.059934,0.209014,False,0.00002500,80.88,81357665,8,42
ModelEfficientNetB0_fvs_Noise_std0.05_20260715_150322,ModelEfficientNetB0_fvs_Noise_std0.05,RMSELoss,2026-07-15 15:03:22,52/200,2026-07-15 16:10:22,0.059381,0.227386,False,0.00002500,80.89,81357665,8,42
ModelEfficientNetB0_fvs_Noise_std0.05_20260715_150322,ModelEfficientNetB0_fvs_Noise_std0.05,RMSELoss,2026-07-15 15:03:22,53/200,2026-07-15 16:11:43,0.058861,0.223633,False,0.00002500,80.94,81357665,8,42
ModelEfficientNetB0_fvs_Noise_std0.05_20260715_150322,ModelEfficientNetB0_fvs_Noise_std0.05,RMSELoss,2026-07-15 15:03:22,54/200,2026-07-15 16:12:47,0.058472,0.224510,False,0.00002500,63.73,81357665,8,42
ModelEfficientNetB0_fvs_Noise_std0.05_20260715_150322,ModelEfficientNetB0_fvs_Noise_std0.05,RMSELoss,2026-07-15 15:03:22,55/200,2026-07-15 16:14:02,0.058609,0.224313,False,0.00002500,74.97,81357665,8,42
ModelEfficientNetB0_fvs_Noise_std0.05_20260715_150322,ModelEfficientNetB0_fvs_Noise_std0.05,RMSELoss,2026-07-15 15:03:22,56/200,2026-07-15 16:15:03,0.058673,0.210361,False,0.00002500,61.25,81357665,8,42
ModelEfficientNetB0_fvs_Noise_std0.05_20260715_150322,ModelEfficientNetB0_fvs_Noise_std0.05,RMSELoss,2026-07-15 15:03:22,57/200,2026-07-15 16:16:24,0.057792,0.215760,False,0.00002500,80.53,81357665,8,42
ModelEfficientNetB0_fvs_Noise_std0.05_20260715_150322,ModelEfficientNetB0_fvs_Noise_std0.05,RMSELoss,2026-07-15 15:03:22,58/200,2026-07-15 16:17:45,0.057692,0.212930,False,0.00002500,80.79,81357665,8,42
