run_id,model_name,criterion,run_started_at,epoch,epoch_timestamp,train_loss,val_loss,val_rmse_pooled,val_rmse_per_sample,is_best,learning_rate,epoch_duration_sec,num_params,batch_size,seed
ModelDenseNet121_fvs_geo_300k_RMSELoss_20260901_035616,ModelDenseNet121_fvs_geo_300k_RMSELoss,RMSELoss,2026-09-01 03:56:16,1/250,2026-09-01 04:05:46,0.108510,0.096370,0.096797,0.077739,True,0.00008400,568.71,8886773,64,42
ModelDenseNet121_fvs_geo_300k_RMSELoss_20260901_035616,ModelDenseNet121_fvs_geo_300k_RMSELoss,RMSELoss,2026-09-01 03:56:16,2/250,2026-09-01 04:13:30,0.090490,0.084247,0.084755,0.065843,True,0.00013800,435.87,8886773,64,42
ModelDenseNet121_fvs_geo_300k_RMSELoss_20260901_035616,ModelDenseNet121_fvs_geo_300k_RMSELoss,RMSELoss,2026-09-01 03:56:16,3/250,2026-09-01 04:20:52,0.083676,0.080426,0.080900,0.063713,True,0.00019200,434.82,8886773,64,42
ModelDenseNet121_fvs_geo_300k_RMSELoss_20260901_035616,ModelDenseNet121_fvs_geo_300k_RMSELoss,RMSELoss,2026-09-01 03:56:16,4/250,2026-09-01 04:28:15,0.078842,0.081025,0.081464,0.064964,False,0.00024600,435.72,8886773,64,42
ModelDenseNet121_fvs_geo_300k_RMSELoss_20260901_035616,ModelDenseNet121_fvs_geo_300k_RMSELoss,RMSELoss,2026-09-01 03:56:16,5/250,2026-09-01 04:35:32,0.075282,0.079342,0.079776,0.063522,True,0.00030000,436.42,8886773,64,42
ModelDenseNet121_fvs_geo_300k_RMSELoss_20260901_035616,ModelDenseNet121_fvs_geo_300k_RMSELoss,RMSELoss,2026-09-01 03:56:16,6/250,2026-09-01 04:42:54,0.072023,0.073585,0.073979,0.058490,True,0.00029994,434.13,8886773,64,42
ModelDenseNet121_fvs_geo_300k_RMSELoss_20260901_035616,ModelDenseNet121_fvs_geo_300k_RMSELoss,RMSELoss,2026-09-01 03:56:16,7/250,2026-09-01 04:50:15,0.066879,0.067196,0.067542,0.053503,True,0.00029978,433.99,8886773,64,42
ModelDenseNet121_fvs_geo_300k_RMSELoss_20260901_035616,ModelDenseNet121_fvs_geo_300k_RMSELoss,RMSELoss,2026-09-01 03:56:16,8/250,2026-09-01 04:57:38,0.062054,0.063708,0.064047,0.050612,True,0.00029950,435.12,8886773,64,42
ModelDenseNet121_fvs_geo_300k_RMSELoss_20260901_035616,ModelDenseNet121_fvs_geo_300k_RMSELoss,RMSELoss,2026-09-01 03:56:16,9/250,2026-09-01 05:05:04,0.057829,0.058492,0.058807,0.046891,True,0.00029911,438.50,8886773,64,42
ModelDenseNet121_fvs_geo_300k_RMSELoss_20260901_035616,ModelDenseNet121_fvs_geo_300k_RMSELoss,RMSELoss,2026-09-01 03:56:16,10/250,2026-09-01 05:12:33,0.054206,0.054918,0.055221,0.043789,True,0.00029861,441.32,8886773,64,42
ModelDenseNet121_fvs_geo_300k_RMSELoss_20260901_035616,ModelDenseNet121_fvs_geo_300k_RMSELoss,RMSELoss,2026-09-01 03:56:16,11/250,2026-09-01 05:19:55,0.050938,0.052673,0.052963,0.042465,True,0.00029800,434.42,8886773,64,42
ModelDenseNet121_fvs_geo_300k_RMSELoss_20260901_035616,ModelDenseNet121_fvs_geo_300k_RMSELoss,RMSELoss,2026-09-01 03:56:16,12/250,2026-09-01 05:27:17,0.048288,0.050769,0.051048,0.040850,True,0.00029727,434.96,8886773,64,42
ModelDenseNet121_fvs_geo_300k_RMSELoss_20260901_035616,ModelDenseNet121_fvs_geo_300k_RMSELoss,RMSELoss,2026-09-01 03:56:16,13/250,2026-09-01 05:34:45,0.045405,0.047375,0.047670,0.038130,True,0.00029644,439.84,8886773,64,42
ModelDenseNet121_fvs_geo_300k_RMSELoss_20260901_035616,ModelDenseNet121_fvs_geo_300k_RMSELoss,RMSELoss,2026-09-01 03:56:16,14/250,2026-09-01 05:42:07,0.043325,0.047091,0.047363,0.038021,True,0.00029550,434.80,8886773,64,42
ModelDenseNet121_fvs_geo_300k_RMSELoss_20260901_035616,ModelDenseNet121_fvs_geo_300k_RMSELoss,RMSELoss,2026-09-01 03:56:16,15/250,2026-09-01 05:49:29,0.040984,0.045982,0.046260,0.037020,True,0.00029446,433.90,8886773,64,42
ModelDenseNet121_fvs_geo_300k_RMSELoss_20260901_035616,ModelDenseNet121_fvs_geo_300k_RMSELoss,RMSELoss,2026-09-01 03:56:16,16/250,2026-09-01 05:56:51,0.039095,0.043209,0.043491,0.034948,True,0.00029330,434.61,8886773,64,42
ModelDenseNet121_fvs_geo_300k_RMSELoss_20260901_035616,ModelDenseNet121_fvs_geo_300k_RMSELoss,RMSELoss,2026-09-01 03:56:16,17/250,2026-09-01 06:04:13,0.037217,0.042816,0.043083,0.034919,True,0.00029204,435.08,8886773,64,42
ModelDenseNet121_fvs_geo_300k_RMSELoss_20260901_035616,ModelDenseNet121_fvs_geo_300k_RMSELoss,RMSELoss,2026-09-01 03:56:16,18/250,2026-09-01 06:11:40,0.035580,0.038873,0.039157,0.031438,True,0.00029067,439.37,8886773,64,42
ModelDenseNet121_fvs_geo_300k_RMSELoss_20260901_035616,ModelDenseNet121_fvs_geo_300k_RMSELoss,RMSELoss,2026-09-01 03:56:16,19/250,2026-09-01 06:19:05,0.034040,0.037049,0.037364,0.029775,True,0.00028920,437.03,8886773,64,42
ModelDenseNet121_fvs_geo_300k_RMSELoss_20260901_035616,ModelDenseNet121_fvs_geo_300k_RMSELoss,RMSELoss,2026-09-01 03:56:16,20/250,2026-09-01 06:26:27,0.032591,0.036178,0.036511,0.029238,True,0.00028762,434.48,8886773,64,42
ModelDenseNet121_fvs_geo_300k_RMSELoss_20260901_035616,ModelDenseNet121_fvs_geo_300k_RMSELoss,RMSELoss,2026-09-01 03:56:16,21/250,2026-09-01 06:33:49,0.031512,0.034867,0.035197,0.028033,True,0.00028595,434.02,8886773,64,42
ModelDenseNet121_fvs_geo_300k_RMSELoss_20260901_035616,ModelDenseNet121_fvs_geo_300k_RMSELoss,RMSELoss,2026-09-01 03:56:16,22/250,2026-09-01 06:41:11,0.030254,0.033865,0.034203,0.027226,True,0.00028417,434.51,8886773,64,42
ModelDenseNet121_fvs_geo_300k_RMSELoss_20260901_035616,ModelDenseNet121_fvs_geo_300k_RMSELoss,RMSELoss,2026-09-01 03:56:16,23/250,2026-09-01 06:48:33,0.029245,0.033018,0.033378,0.026429,True,0.00028229,434.47,8886773,64,42
ModelDenseNet121_fvs_geo_300k_RMSELoss_20260901_035616,ModelDenseNet121_fvs_geo_300k_RMSELoss,RMSELoss,2026-09-01 03:56:16,24/250,2026-09-01 06:55:57,0.028147,0.032370,0.032733,0.025872,True,0.00028031,436.02,8886773,64,42
ModelDenseNet121_fvs_geo_300k_RMSELoss_20260901_035616,ModelDenseNet121_fvs_geo_300k_RMSELoss,RMSELoss,2026-09-01 03:56:16,25/250,2026-09-01 07:03:19,0.027366,0.031070,0.031501,0.024635,True,0.00027824,434.66,8886773,64,42
ModelDenseNet121_fvs_geo_300k_RMSELoss_20260901_035616,ModelDenseNet121_fvs_geo_300k_RMSELoss,RMSELoss,2026-09-01 03:56:16,26/250,2026-09-01 07:10:43,0.026424,0.031074,0.031531,0.024668,False,0.00027607,436.82,8886773,64,42
ModelDenseNet121_fvs_geo_300k_RMSELoss_20260901_035616,ModelDenseNet121_fvs_geo_300k_RMSELoss,RMSELoss,2026-09-01 03:56:16,27/250,2026-09-01 07:18:02,0.025530,0.029938,0.030397,0.023867,True,0.00027380,438.99,8886773,64,42
ModelDenseNet121_fvs_geo_300k_RMSELoss_20260901_035616,ModelDenseNet121_fvs_geo_300k_RMSELoss,RMSELoss,2026-09-01 03:56:16,28/250,2026-09-01 07:25:29,0.024701,0.029188,0.029609,0.023178,True,0.00027145,439.44,8886773,64,42
ModelDenseNet121_fvs_geo_300k_RMSELoss_20260901_035616,ModelDenseNet121_fvs_geo_300k_RMSELoss,RMSELoss,2026-09-01 03:56:16,29/250,2026-09-01 07:32:51,0.023913,0.027840,0.028266,0.021981,True,0.00026900,434.01,8886773,64,42
ModelDenseNet121_fvs_geo_300k_RMSELoss_20260901_035616,ModelDenseNet121_fvs_geo_300k_RMSELoss,RMSELoss,2026-09-01 03:56:16,30/250,2026-09-01 07:40:14,0.023425,0.028399,0.028918,0.022172,False,0.00026647,435.52,8886773,64,42
ModelDenseNet121_fvs_geo_300k_RMSELoss_20260901_035616,ModelDenseNet121_fvs_geo_300k_RMSELoss,RMSELoss,2026-09-01 03:56:16,31/250,2026-09-01 07:47:29,0.022755,0.029414,0.029880,0.023093,False,0.00026385,434.63,8886773,64,42
ModelDenseNet121_fvs_geo_300k_RMSELoss_20260901_035616,ModelDenseNet121_fvs_geo_300k_RMSELoss,RMSELoss,2026-09-01 03:56:16,32/250,2026-09-01 07:54:44,0.022152,0.027468,0.027953,0.021477,True,0.00026114,434.73,8886773,64,42
ModelDenseNet121_fvs_geo_300k_RMSELoss_20260901_035616,ModelDenseNet121_fvs_geo_300k_RMSELoss,RMSELoss,2026-09-01 03:56:16,33/250,2026-09-01 08:02:05,0.021383,0.026049,0.026641,0.020155,True,0.00025836,433.53,8886773,64,42
ModelDenseNet121_fvs_geo_300k_RMSELoss_20260901_035616,ModelDenseNet121_fvs_geo_300k_RMSELoss,RMSELoss,2026-09-01 03:56:16,34/250,2026-09-01 08:09:28,0.021035,0.025404,0.026035,0.019695,True,0.00025549,435.88,8886773,64,42
ModelDenseNet121_fvs_geo_300k_RMSELoss_20260901_035616,ModelDenseNet121_fvs_geo_300k_RMSELoss,RMSELoss,2026-09-01 03:56:16,35/250,2026-09-01 08:16:53,0.020236,0.024803,0.025378,0.019216,True,0.00025254,436.99,8886773,64,42
ModelDenseNet121_fvs_geo_300k_RMSELoss_20260901_035616,ModelDenseNet121_fvs_geo_300k_RMSELoss,RMSELoss,2026-09-01 03:56:16,36/250,2026-09-01 08:24:18,0.019793,0.024238,0.024820,0.018773,True,0.00024952,437.15,8886773,64,42
ModelDenseNet121_fvs_geo_300k_RMSELoss_20260901_035616,ModelDenseNet121_fvs_geo_300k_RMSELoss,RMSELoss,2026-09-01 03:56:16,37/250,2026-09-01 08:31:43,0.019484,0.023541,0.024132,0.017979,True,0.00024642,437.21,8886773,64,42
ModelDenseNet121_fvs_geo_300k_RMSELoss_20260901_035616,ModelDenseNet121_fvs_geo_300k_RMSELoss,RMSELoss,2026-09-01 03:56:16,38/250,2026-09-01 08:39:05,0.018780,0.023458,0.024085,0.017881,True,0.00024325,434.56,8886773,64,42
ModelDenseNet121_fvs_geo_300k_RMSELoss_20260901_035616,ModelDenseNet121_fvs_geo_300k_RMSELoss,RMSELoss,2026-09-01 03:56:16,39/250,2026-09-01 08:46:26,0.018242,0.023125,0.023739,0.017730,True,0.00024002,433.96,8886773,64,42
ModelDenseNet121_fvs_geo_300k_RMSELoss_20260901_035616,ModelDenseNet121_fvs_geo_300k_RMSELoss,RMSELoss,2026-09-01 03:56:16,40/250,2026-09-01 08:53:48,0.018011,0.022720,0.023417,0.017167,True,0.00023671,433.97,8886773,64,42
ModelDenseNet121_fvs_geo_300k_RMSELoss_20260901_035616,ModelDenseNet121_fvs_geo_300k_RMSELoss,RMSELoss,2026-09-01 03:56:16,41/250,2026-09-01 09:01:10,0.017689,0.022570,0.023339,0.016837,True,0.00023335,434.52,8886773,64,42
ModelDenseNet121_fvs_geo_300k_RMSELoss_20260901_035616,ModelDenseNet121_fvs_geo_300k_RMSELoss,RMSELoss,2026-09-01 03:56:16,42/250,2026-09-01 09:08:33,0.017137,0.021962,0.022727,0.016379,True,0.00022992,435.85,8886773,64,42
ModelDenseNet121_fvs_geo_300k_RMSELoss_20260901_035616,ModelDenseNet121_fvs_geo_300k_RMSELoss,RMSELoss,2026-09-01 03:56:16,43/250,2026-09-01 09:15:57,0.016540,0.021688,0.022396,0.016174,True,0.00022643,436.20,8886773,64,42
ModelDenseNet121_fvs_geo_300k_RMSELoss_20260901_035616,ModelDenseNet121_fvs_geo_300k_RMSELoss,RMSELoss,2026-09-01 03:56:16,44/250,2026-09-01 09:23:24,0.016210,0.022301,0.023080,0.016514,False,0.00022288,439.29,8886773,64,42
ModelDenseNet121_fvs_geo_300k_RMSELoss_20260901_035616,ModelDenseNet121_fvs_geo_300k_RMSELoss,RMSELoss,2026-09-01 03:56:16,45/250,2026-09-01 09:30:41,0.015798,0.020811,0.021672,0.015230,True,0.00021928,437.19,8886773,64,42
ModelDenseNet121_fvs_geo_300k_RMSELoss_20260901_035616,ModelDenseNet121_fvs_geo_300k_RMSELoss,RMSELoss,2026-09-01 03:56:16,46/250,2026-09-01 09:38:07,0.015615,0.020826,0.021677,0.015156,False,0.00021563,437.97,8886773,64,42
ModelDenseNet121_fvs_geo_300k_RMSELoss_20260901_035616,ModelDenseNet121_fvs_geo_300k_RMSELoss,RMSELoss,2026-09-01 03:56:16,47/250,2026-09-01 09:45:21,0.014933,0.020448,0.021318,0.014915,True,0.00021193,433.99,8886773,64,42
ModelDenseNet121_fvs_geo_300k_RMSELoss_20260901_035616,ModelDenseNet121_fvs_geo_300k_RMSELoss,RMSELoss,2026-09-01 03:56:16,48/250,2026-09-01 09:52:44,0.014708,0.020395,0.021261,0.014791,True,0.00020818,435.25,8886773,64,42
ModelDenseNet121_fvs_geo_300k_RMSELoss_20260901_035616,ModelDenseNet121_fvs_geo_300k_RMSELoss,RMSELoss,2026-09-01 03:56:16,49/250,2026-09-01 10:00:05,0.014261,0.020393,0.021282,0.014829,False,0.00020439,433.78,8886773,64,42
ModelDenseNet121_fvs_geo_300k_RMSELoss_20260901_035616,ModelDenseNet121_fvs_geo_300k_RMSELoss,RMSELoss,2026-09-01 03:56:16,50/250,2026-09-01 10:07:21,0.013917,0.019311,0.020375,0.013639,True,0.00020056,435.75,8886773,64,42
ModelDenseNet121_fvs_geo_300k_RMSELoss_20260901_035616,ModelDenseNet121_fvs_geo_300k_RMSELoss,RMSELoss,2026-09-01 03:56:16,51/250,2026-09-01 10:14:44,0.013599,0.019216,0.020206,0.013602,True,0.00019670,435.51,8886773,64,42
ModelDenseNet121_fvs_geo_300k_RMSELoss_20260901_035616,ModelDenseNet121_fvs_geo_300k_RMSELoss,RMSELoss,2026-09-01 03:56:16,52/250,2026-09-01 10:22:09,0.013352,0.019523,0.020630,0.013611,False,0.00019280,437.42,8886773,64,42
ModelDenseNet121_fvs_geo_300k_RMSELoss_20260901_035616,ModelDenseNet121_fvs_geo_300k_RMSELoss,RMSELoss,2026-09-01 03:56:16,53/250,2026-09-01 10:29:27,0.013045,0.018436,0.019482,0.012831,True,0.00018886,437.81,8886773,64,42
ModelDenseNet121_fvs_geo_300k_RMSELoss_20260901_035616,ModelDenseNet121_fvs_geo_300k_RMSELoss,RMSELoss,2026-09-01 03:56:16,54/250,2026-09-01 10:36:50,0.012629,0.018439,0.019503,0.012757,False,0.00018490,435.40,8886773,64,42
ModelDenseNet121_fvs_geo_300k_RMSELoss_20260901_035616,ModelDenseNet121_fvs_geo_300k_RMSELoss,RMSELoss,2026-09-01 03:56:16,55/250,2026-09-01 10:44:07,0.012379,0.018229,0.019327,0.012599,True,0.00018092,436.76,8886773,64,42
ModelDenseNet121_fvs_geo_300k_RMSELoss_20260901_035616,ModelDenseNet121_fvs_geo_300k_RMSELoss,RMSELoss,2026-09-01 03:56:16,56/250,2026-09-01 10:51:29,0.012002,0.017984,0.019092,0.012311,True,0.00017691,434.32,8886773,64,42
ModelDenseNet121_fvs_geo_300k_RMSELoss_20260901_035616,ModelDenseNet121_fvs_geo_300k_RMSELoss,RMSELoss,2026-09-01 03:56:16,57/250,2026-09-01 10:58:50,0.011656,0.017889,0.019006,0.012242,True,0.00017288,433.92,8886773,64,42
ModelDenseNet121_fvs_geo_300k_RMSELoss_20260901_035616,ModelDenseNet121_fvs_geo_300k_RMSELoss,RMSELoss,2026-09-01 03:56:16,58/250,2026-09-01 11:06:11,0.011482,0.017865,0.018979,0.012197,True,0.00016883,433.53,8886773,64,42
ModelDenseNet121_fvs_geo_300k_RMSELoss_20260901_035616,ModelDenseNet121_fvs_geo_300k_RMSELoss,RMSELoss,2026-09-01 03:56:16,59/250,2026-09-01 11:13:33,0.011108,0.017186,0.018418,0.011433,True,0.00016477,434.57,8886773,64,42
ModelDenseNet121_fvs_geo_300k_RMSELoss_20260901_035616,ModelDenseNet121_fvs_geo_300k_RMSELoss,RMSELoss,2026-09-01 03:56:16,60/250,2026-09-01 11:20:56,0.010827,0.017457,0.018573,0.011767,False,0.00016070,434.37,8886773,64,42
ModelDenseNet121_fvs_geo_300k_RMSELoss_20260901_035616,ModelDenseNet121_fvs_geo_300k_RMSELoss,RMSELoss,2026-09-01 03:56:16,61/250,2026-09-01 11:28:11,0.010723,0.016864,0.018221,0.011022,True,0.00015662,434.93,8886773,64,42
ModelDenseNet121_fvs_geo_300k_RMSELoss_20260901_035616,ModelDenseNet121_fvs_geo_300k_RMSELoss,RMSELoss,2026-09-01 03:56:16,62/250,2026-09-01 11:35:35,0.010351,0.016485,0.017841,0.010629,True,0.00015254,436.49,8886773,64,42
ModelDenseNet121_fvs_geo_300k_RMSELoss_20260901_035616,ModelDenseNet121_fvs_geo_300k_RMSELoss,RMSELoss,2026-09-01 03:56:16,63/250,2026-09-01 11:42:59,0.010014,0.016615,0.018028,0.010644,False,0.00014846,437.12,8886773,64,42
ModelDenseNet121_fvs_geo_300k_RMSELoss_20260901_035616,ModelDenseNet121_fvs_geo_300k_RMSELoss,RMSELoss,2026-09-01 03:56:16,64/250,2026-09-01 11:50:16,0.009875,0.016830,0.018137,0.010859,False,0.00014438,436.15,8886773,64,42
ModelDenseNet121_fvs_geo_300k_RMSELoss_20260901_035616,ModelDenseNet121_fvs_geo_300k_RMSELoss,RMSELoss,2026-09-01 03:56:16,65/250,2026-09-01 11:57:29,0.009655,0.015977,0.017401,0.009984,True,0.00014030,433.54,8886773,64,42
ModelDenseNet121_fvs_geo_300k_RMSELoss_20260901_035616,ModelDenseNet121_fvs_geo_300k_RMSELoss,RMSELoss,2026-09-01 03:56:16,66/250,2026-09-01 12:04:52,0.009309,0.015598,0.017087,0.009664,True,0.00013623,435.65,8886773,64,42
ModelDenseNet121_fvs_geo_300k_RMSELoss_20260901_035616,ModelDenseNet121_fvs_geo_300k_RMSELoss,RMSELoss,2026-09-01 03:56:16,67/250,2026-09-01 12:12:16,0.009070,0.015647,0.017135,0.009695,False,0.00013217,435.71,8886773,64,42
ModelDenseNet121_fvs_geo_300k_RMSELoss_20260901_035616,ModelDenseNet121_fvs_geo_300k_RMSELoss,RMSELoss,2026-09-01 03:56:16,68/250,2026-09-01 12:19:30,0.008897,0.015440,0.016967,0.009446,True,0.00012812,434.48,8886773,64,42
ModelDenseNet121_fvs_geo_300k_RMSELoss_20260901_035616,ModelDenseNet121_fvs_geo_300k_RMSELoss,RMSELoss,2026-09-01 03:56:16,69/250,2026-09-01 12:26:53,0.008590,0.015309,0.016835,0.009370,True,0.00012409,435.10,8886773,64,42
ModelDenseNet121_fvs_geo_300k_RMSELoss_20260901_035616,ModelDenseNet121_fvs_geo_300k_RMSELoss,RMSELoss,2026-09-01 03:56:16,70/250,2026-09-01 12:34:16,0.008413,0.015259,0.016801,0.009201,True,0.00012008,435.63,8886773,64,42
ModelDenseNet121_fvs_geo_300k_RMSELoss_20260901_035616,ModelDenseNet121_fvs_geo_300k_RMSELoss,RMSELoss,2026-09-01 03:56:16,71/250,2026-09-01 12:41:40,0.008278,0.015096,0.016676,0.009056,True,0.00011610,436.38,8886773,64,42
ModelDenseNet121_fvs_geo_300k_RMSELoss_20260901_035616,ModelDenseNet121_fvs_geo_300k_RMSELoss,RMSELoss,2026-09-01 03:56:16,72/250,2026-09-01 12:49:02,0.008006,0.014870,0.016490,0.008769,True,0.00011214,434.26,8886773,64,42
ModelDenseNet121_fvs_geo_300k_RMSELoss_20260901_035616,ModelDenseNet121_fvs_geo_300k_RMSELoss,RMSELoss,2026-09-01 03:56:16,73/250,2026-09-01 12:56:26,0.007780,0.014700,0.016368,0.008558,True,0.00010820,435.82,8886773,64,42
ModelDenseNet121_fvs_geo_300k_RMSELoss_20260901_035616,ModelDenseNet121_fvs_geo_300k_RMSELoss,RMSELoss,2026-09-01 03:56:16,74/250,2026-09-01 13:03:48,0.007544,0.014557,0.016243,0.008392,True,0.00010430,434.71,8886773,64,42
ModelDenseNet121_fvs_geo_300k_RMSELoss_20260901_035616,ModelDenseNet121_fvs_geo_300k_RMSELoss,RMSELoss,2026-09-01 03:56:16,75/250,2026-09-01 13:11:10,0.007509,0.014479,0.016222,0.008232,True,0.00010044,434.17,8886773,64,42
ModelDenseNet121_fvs_geo_300k_RMSELoss_20260901_035616,ModelDenseNet121_fvs_geo_300k_RMSELoss,RMSELoss,2026-09-01 03:56:16,76/250,2026-09-01 13:18:32,0.007176,0.014422,0.016166,0.008244,True,0.00009661,434.41,8886773,64,42
ModelDenseNet121_fvs_geo_300k_RMSELoss_20260901_035616,ModelDenseNet121_fvs_geo_300k_RMSELoss,RMSELoss,2026-09-01 03:56:16,77/250,2026-09-01 13:25:54,0.006997,0.014247,0.016046,0.007907,True,0.00009282,435.04,8886773,64,42
ModelDenseNet121_fvs_geo_300k_RMSELoss_20260901_035616,ModelDenseNet121_fvs_geo_300k_RMSELoss,RMSELoss,2026-09-01 03:56:16,78/250,2026-09-01 13:33:18,0.006817,0.014196,0.015960,0.007986,True,0.00008907,435.80,8886773,64,42
ModelDenseNet121_fvs_geo_300k_RMSELoss_20260901_035616,ModelDenseNet121_fvs_geo_300k_RMSELoss,RMSELoss,2026-09-01 03:56:16,79/250,2026-09-01 13:40:41,0.006663,0.013907,0.015770,0.007564,True,0.00008537,435.83,8886773,64,42
ModelDenseNet121_fvs_geo_300k_RMSELoss_20260901_035616,ModelDenseNet121_fvs_geo_300k_RMSELoss,RMSELoss,2026-09-01 03:56:16,80/250,2026-09-01 13:48:06,0.006486,0.013795,0.015660,0.007471,True,0.00008172,436.62,8886773,64,42
ModelDenseNet121_fvs_geo_300k_RMSELoss_20260901_035616,ModelDenseNet121_fvs_geo_300k_RMSELoss,RMSELoss,2026-09-01 03:56:16,81/250,2026-09-01 13:55:29,0.006312,0.013688,0.015582,0.007284,True,0.00007812,435.97,8886773,64,42
ModelDenseNet121_fvs_geo_300k_RMSELoss_20260901_035616,ModelDenseNet121_fvs_geo_300k_RMSELoss,RMSELoss,2026-09-01 03:56:16,82/250,2026-09-01 14:02:54,0.006177,0.013609,0.015543,0.007175,True,0.00007457,437.23,8886773,64,42
ModelDenseNet121_fvs_geo_300k_RMSELoss_20260901_035616,ModelDenseNet121_fvs_geo_300k_RMSELoss,RMSELoss,2026-09-01 03:56:16,83/250,2026-09-01 14:10:15,0.006009,0.013553,0.015515,0.007060,True,0.00007108,433.33,8886773,64,42
ModelDenseNet121_fvs_geo_300k_RMSELoss_20260901_035616,ModelDenseNet121_fvs_geo_300k_RMSELoss,RMSELoss,2026-09-01 03:56:16,84/250,2026-09-01 14:17:36,0.005860,0.013497,0.015473,0.006996,True,0.00006765,433.83,8886773,64,42
ModelDenseNet121_fvs_geo_300k_RMSELoss_20260901_035616,ModelDenseNet121_fvs_geo_300k_RMSELoss,RMSELoss,2026-09-01 03:56:16,85/250,2026-09-01 14:24:59,0.005752,0.013292,0.015307,0.006746,True,0.00006429,434.98,8886773,64,42
ModelDenseNet121_fvs_geo_300k_RMSELoss_20260901_035616,ModelDenseNet121_fvs_geo_300k_RMSELoss,RMSELoss,2026-09-01 03:56:16,86/250,2026-09-01 14:32:21,0.005610,0.013279,0.015315,0.006694,False,0.00006098,434.49,8886773,64,42
ModelDenseNet121_fvs_geo_300k_RMSELoss_20260901_035616,ModelDenseNet121_fvs_geo_300k_RMSELoss,RMSELoss,2026-09-01 03:56:16,87/250,2026-09-01 14:39:36,0.005474,0.013159,0.015248,0.006534,True,0.00005775,435.63,8886773,64,42
ModelDenseNet121_fvs_geo_300k_RMSELoss_20260901_035616,ModelDenseNet121_fvs_geo_300k_RMSELoss,RMSELoss,2026-09-01 03:56:16,88/250,2026-09-01 14:47:01,0.005354,0.013078,0.015192,0.006370,True,0.00005458,436.68,8886773,64,42
ModelDenseNet121_fvs_geo_300k_RMSELoss_20260901_035616,ModelDenseNet121_fvs_geo_300k_RMSELoss,RMSELoss,2026-09-01 03:56:16,89/250,2026-09-01 14:54:24,0.005221,0.012949,0.015100,0.006194,True,0.00005148,435.29,8886773,64,42
ModelDenseNet121_fvs_geo_300k_RMSELoss_20260901_035616,ModelDenseNet121_fvs_geo_300k_RMSELoss,RMSELoss,2026-09-01 03:56:16,90/250,2026-09-01 15:01:46,0.005127,0.012960,0.015103,0.006262,False,0.00004846,434.70,8886773,64,42
ModelDenseNet121_fvs_geo_300k_RMSELoss_20260901_035616,ModelDenseNet121_fvs_geo_300k_RMSELoss,RMSELoss,2026-09-01 03:56:16,91/250,2026-09-01 15:09:01,0.005023,0.012960,0.015137,0.006156,False,0.00004551,435.42,8886773,64,42
ModelDenseNet121_fvs_geo_300k_RMSELoss_20260901_035616,ModelDenseNet121_fvs_geo_300k_RMSELoss,RMSELoss,2026-09-01 03:56:16,92/250,2026-09-01 15:16:16,0.004936,0.012859,0.015058,0.006016,True,0.00004264,434.57,8886773,64,42
ModelDenseNet121_fvs_geo_300k_RMSELoss_20260901_035616,ModelDenseNet121_fvs_geo_300k_RMSELoss,RMSELoss,2026-09-01 03:56:16,93/250,2026-09-01 15:23:38,0.004845,0.012757,0.014985,0.005871,True,0.00003986,433.84,8886773,64,42
ModelDenseNet121_fvs_geo_300k_RMSELoss_20260901_035616,ModelDenseNet121_fvs_geo_300k_RMSELoss,RMSELoss,2026-09-01 03:56:16,94/250,2026-09-01 15:30:59,0.004733,0.012736,0.014969,0.005832,True,0.00003715,434.18,8886773,64,42
ModelDenseNet121_fvs_geo_300k_RMSELoss_20260901_035616,ModelDenseNet121_fvs_geo_300k_RMSELoss,RMSELoss,2026-09-01 03:56:16,95/250,2026-09-01 15:38:22,0.004652,0.012654,0.014893,0.005735,True,0.00003453,435.20,8886773,64,42
ModelDenseNet121_fvs_geo_300k_RMSELoss_20260901_035616,ModelDenseNet121_fvs_geo_300k_RMSELoss,RMSELoss,2026-09-01 03:56:16,96/250,2026-09-01 15:45:45,0.004553,0.012592,0.014886,0.005596,False,0.00003200,435.59,8886773,64,42
ModelDenseNet121_fvs_geo_300k_RMSELoss_20260901_035616,ModelDenseNet121_fvs_geo_300k_RMSELoss,RMSELoss,2026-09-01 03:56:16,97/250,2026-09-01 15:53:01,0.004473,0.012638,0.014902,0.005658,False,0.00002955,435.13,8886773,64,42
ModelDenseNet121_fvs_geo_300k_RMSELoss_20260901_035616,ModelDenseNet121_fvs_geo_300k_RMSELoss,RMSELoss,2026-09-01 03:56:16,98/250,2026-09-01 16:00:15,0.004413,0.012554,0.014887,0.005496,False,0.00002720,434.63,8886773,64,42
ModelDenseNet121_fvs_geo_300k_RMSELoss_20260901_035616,ModelDenseNet121_fvs_geo_300k_RMSELoss,RMSELoss,2026-09-01 03:56:16,99/250,2026-09-01 16:07:29,0.004344,0.012511,0.014862,0.005402,True,0.00002493,433.36,8886773,64,42
ModelDenseNet121_fvs_geo_300k_RMSELoss_20260901_035616,ModelDenseNet121_fvs_geo_300k_RMSELoss,RMSELoss,2026-09-01 03:56:16,100/250,2026-09-01 16:14:53,0.004272,0.012474,0.014839,0.005330,True,0.00002276,436.20,8886773,64,42
ModelDenseNet121_fvs_geo_300k_RMSELoss_20260901_035616,ModelDenseNet121_fvs_geo_300k_RMSELoss,RMSELoss,2026-09-01 03:56:16,101/250,2026-09-01 16:22:14,0.004214,0.012416,0.014788,0.005261,True,0.00002069,433.51,8886773,64,42
ModelDenseNet121_fvs_geo_300k_RMSELoss_20260901_035616,ModelDenseNet121_fvs_geo_300k_RMSELoss,RMSELoss,2026-09-01 03:56:16,102/250,2026-09-01 16:29:51,0.004151,0.012414,0.014788,0.005248,False,0.00001871,449.91,8886773,64,42
ModelDenseNet121_fvs_geo_300k_RMSELoss_20260901_035616,ModelDenseNet121_fvs_geo_300k_RMSELoss,RMSELoss,2026-09-01 03:56:16,103/250,2026-09-01 16:37:07,0.004108,0.012367,0.014756,0.005156,True,0.00001683,435.71,8886773,64,42
ModelDenseNet121_fvs_geo_300k_RMSELoss_20260901_035616,ModelDenseNet121_fvs_geo_300k_RMSELoss,RMSELoss,2026-09-01 03:56:16,104/250,2026-09-01 16:44:32,0.004057,0.012355,0.014747,0.005160,False,0.00001505,437.10,8886773,64,42
ModelDenseNet121_fvs_geo_300k_RMSELoss_20260901_035616,ModelDenseNet121_fvs_geo_300k_RMSELoss,RMSELoss,2026-09-01 03:56:16,105/250,2026-09-01 16:51:50,0.004010,0.012305,0.014715,0.005046,True,0.00001338,438.12,8886773,64,42
ModelDenseNet121_fvs_geo_300k_RMSELoss_20260901_035616,ModelDenseNet121_fvs_geo_300k_RMSELoss,RMSELoss,2026-09-01 03:56:16,106/250,2026-09-01 16:59:15,0.003968,0.012303,0.014717,0.005037,False,0.00001180,436.96,8886773,64,42
ModelDenseNet121_fvs_geo_300k_RMSELoss_20260901_035616,ModelDenseNet121_fvs_geo_300k_RMSELoss,RMSELoss,2026-09-01 03:56:16,107/250,2026-09-01 17:06:31,0.003925,0.012296,0.014720,0.005026,False,0.00001033,435.75,8886773,64,42
ModelDenseNet121_fvs_geo_300k_RMSELoss_20260901_035616,ModelDenseNet121_fvs_geo_300k_RMSELoss,RMSELoss,2026-09-01 03:56:16,108/250,2026-09-01 17:13:47,0.003888,0.012267,0.014693,0.004995,True,0.00000896,436.00,8886773,64,42
ModelDenseNet121_fvs_geo_300k_RMSELoss_20260901_035616,ModelDenseNet121_fvs_geo_300k_RMSELoss,RMSELoss,2026-09-01 03:56:16,109/250,2026-09-01 17:21:12,0.003858,0.012253,0.014703,0.004916,False,0.00000770,436.77,8886773,64,42
ModelDenseNet121_fvs_geo_300k_RMSELoss_20260901_035616,ModelDenseNet121_fvs_geo_300k_RMSELoss,RMSELoss,2026-09-01 03:56:16,110/250,2026-09-01 17:28:27,0.003828,0.012220,0.014662,0.004871,True,0.00000654,435.52,8886773,64,42
ModelDenseNet121_fvs_geo_300k_RMSELoss_20260901_035616,ModelDenseNet121_fvs_geo_300k_RMSELoss,RMSELoss,2026-09-01 03:56:16,111/250,2026-09-01 17:35:49,0.003804,0.012224,0.014681,0.004859,False,0.00000550,434.67,8886773,64,42
ModelDenseNet121_fvs_geo_300k_RMSELoss_20260901_035616,ModelDenseNet121_fvs_geo_300k_RMSELoss,RMSELoss,2026-09-01 03:56:16,112/250,2026-09-01 17:43:06,0.003787,0.012198,0.014652,0.004842,False,0.00000456,436.23,8886773,64,42
ModelDenseNet121_fvs_geo_300k_RMSELoss_20260901_035616,ModelDenseNet121_fvs_geo_300k_RMSELoss,RMSELoss,2026-09-01 03:56:16,113/250,2026-09-01 17:50:22,0.003772,0.012205,0.014667,0.004805,False,0.00000373,436.21,8886773,64,42
ModelDenseNet121_fvs_geo_300k_RMSELoss_20260901_035616,ModelDenseNet121_fvs_geo_300k_RMSELoss,RMSELoss,2026-09-01 03:56:16,114/250,2026-09-01 17:57:40,0.003743,0.012177,0.014635,0.004794,True,0.00000300,437.71,8886773,64,42
ModelDenseNet121_fvs_geo_300k_RMSELoss_20260901_035616,ModelDenseNet121_fvs_geo_300k_RMSELoss,RMSELoss,2026-09-01 03:56:16,115/250,2026-09-01 18:05:05,0.003731,0.012208,0.014664,0.004834,False,0.00000239,437.08,8886773,64,42
ModelDenseNet121_fvs_geo_300k_RMSELoss_20260901_035616,ModelDenseNet121_fvs_geo_300k_RMSELoss,RMSELoss,2026-09-01 03:56:16,116/250,2026-09-01 18:12:23,0.003719,0.012185,0.014650,0.004782,False,0.00000189,438.27,8886773,64,42
ModelDenseNet121_fvs_geo_300k_RMSELoss_20260901_035616,ModelDenseNet121_fvs_geo_300k_RMSELoss,RMSELoss,2026-09-01 03:56:16,117/250,2026-09-01 18:19:39,0.003700,0.012198,0.014660,0.004803,False,0.00000150,435.93,8886773,64,42
ModelDenseNet121_fvs_geo_300k_RMSELoss_20260901_035616,ModelDenseNet121_fvs_geo_300k_RMSELoss,RMSELoss,2026-09-01 03:56:16,118/250,2026-09-01 18:26:56,0.003699,0.012170,0.014633,0.004777,False,0.00000122,436.72,8886773,64,42
ModelDenseNet121_fvs_geo_300k_RMSELoss_20260901_035616,ModelDenseNet121_fvs_geo_300k_RMSELoss,RMSELoss,2026-09-01 03:56:16,119/250,2026-09-01 18:34:12,0.003694,0.012171,0.014635,0.004753,False,0.00000106,435.75,8886773,64,42
ModelDenseNet121_fvs_geo_300k_RMSELoss_20260901_035616,ModelDenseNet121_fvs_geo_300k_RMSELoss,RMSELoss,2026-09-01 03:56:16,120/250,2026-09-01 18:41:29,0.003687,0.012183,0.014656,0.004758,False,0.00000100,437.04,8886773,64,42
ModelDenseNet121_fvs_geo_300k_RMSELoss_20260901_035616,ModelDenseNet121_fvs_geo_300k_RMSELoss,RMSELoss,2026-09-01 03:56:16,121/250,2026-09-01 18:48:46,0.003680,0.012184,0.014659,0.004784,False,0.00000100,436.49,8886773,64,42
ModelDenseNet121_fvs_geo_300k_RMSELoss_20260901_035616,ModelDenseNet121_fvs_geo_300k_RMSELoss,RMSELoss,2026-09-01 03:56:16,122/250,2026-09-01 18:56:04,0.003689,0.012212,0.014674,0.004792,False,0.00000100,437.69,8886773,64,42
ModelDenseNet121_fvs_geo_300k_RMSELoss_20260901_035616,ModelDenseNet121_fvs_geo_300k_RMSELoss,RMSELoss,2026-09-01 03:56:16,123/250,2026-09-01 19:03:22,0.003677,0.012180,0.014644,0.004756,False,0.00000100,438.10,8886773,64,42
ModelDenseNet121_fvs_geo_300k_RMSELoss_20260901_035616,ModelDenseNet121_fvs_geo_300k_RMSELoss,RMSELoss,2026-09-01 03:56:16,124/250,2026-09-01 19:10:40,0.003678,0.012200,0.014670,0.004781,False,0.00000100,437.56,8886773,64,42
ModelDenseNet121_fvs_geo_300k_RMSELoss_20260901_035616,ModelDenseNet121_fvs_geo_300k_RMSELoss,RMSELoss,2026-09-01 03:56:16,125/250,2026-09-01 19:17:56,0.003678,0.012181,0.014651,0.004758,False,0.00000100,435.73,8886773,64,42
ModelDenseNet121_fvs_geo_300k_RMSELoss_20260901_035616,ModelDenseNet121_fvs_geo_300k_RMSELoss,RMSELoss,2026-09-01 03:56:16,126/250,2026-09-01 19:25:13,0.003679,0.012169,0.014640,0.004742,False,0.00000100,437.48,8886773,64,42
ModelDenseNet121_fvs_geo_300k_RMSELoss_20260901_035616,ModelDenseNet121_fvs_geo_300k_RMSELoss,RMSELoss,2026-09-01 03:56:16,127/250,2026-09-01 19:32:31,0.003679,0.012162,0.014641,0.004739,False,0.00000100,437.14,8886773,64,42
ModelDenseNet121_fvs_geo_300k_RMSELoss_20260901_035616,ModelDenseNet121_fvs_geo_300k_RMSELoss,RMSELoss,2026-09-01 03:56:16,128/250,2026-09-01 19:39:46,0.003675,0.012174,0.014645,0.004751,False,0.00000100,435.37,8886773,64,42
ModelDenseNet121_fvs_geo_300k_RMSELoss_20260901_035616,ModelDenseNet121_fvs_geo_300k_RMSELoss,RMSELoss,2026-09-01 03:56:16,129/250,2026-09-01 19:47:02,0.003673,0.012154,0.014623,0.004733,False,0.00000100,435.48,8886773,64,42
ModelDenseNet121_fvs_geo_300k_RMSELoss_20260901_035616,ModelDenseNet121_fvs_geo_300k_RMSELoss,RMSELoss,2026-09-01 03:56:16,130/250,2026-09-01 19:54:19,0.003672,0.012165,0.014637,0.004726,False,0.00000100,437.34,8886773,64,42
ModelDenseNet121_fvs_geo_300k_RMSELoss_20260901_035616,ModelDenseNet121_fvs_geo_300k_RMSELoss,RMSELoss,2026-09-01 03:56:16,131/250,2026-09-01 20:01:37,0.003663,0.012167,0.014641,0.004716,False,0.00000100,437.21,8886773,64,42
ModelDenseNet121_fvs_geo_300k_RMSELoss_20260901_035616,ModelDenseNet121_fvs_geo_300k_RMSELoss,RMSELoss,2026-09-01 03:56:16,132/250,2026-09-01 20:08:54,0.003672,0.012164,0.014647,0.004712,False,0.00000100,437.46,8886773,64,42
ModelDenseNet121_fvs_geo_300k_RMSELoss_20260901_035616,ModelDenseNet121_fvs_geo_300k_RMSELoss,RMSELoss,2026-09-01 03:56:16,133/250,2026-09-01 20:16:11,0.003680,0.012179,0.014657,0.004748,False,0.00000100,436.94,8886773,64,42
ModelDenseNet121_fvs_geo_300k_RMSELoss_20260901_035616,ModelDenseNet121_fvs_geo_300k_RMSELoss,RMSELoss,2026-09-01 03:56:16,134/250,2026-09-01 20:23:29,0.003661,0.012135,0.014622,0.004672,False,0.00000100,437.27,8886773,64,42
ModelDenseNet121_fvs_geo_300k_RMSELoss_20260901_035616,ModelDenseNet121_fvs_geo_300k_RMSELoss,RMSELoss,2026-09-01 03:56:16,135/250,2026-09-01 20:30:44,0.003665,0.012150,0.014629,0.004710,False,0.00000100,435.58,8886773,64,42
ModelDenseNet121_fvs_geo_300k_RMSELoss_20260901_035616,ModelDenseNet121_fvs_geo_300k_RMSELoss,RMSELoss,2026-09-01 03:56:16,136/250,2026-09-01 20:38:02,0.003661,0.012168,0.014633,0.004758,False,0.00000100,437.70,8886773,64,42
ModelDenseNet121_fvs_geo_300k_RMSELoss_20260901_035616,ModelDenseNet121_fvs_geo_300k_RMSELoss,RMSELoss,2026-09-01 03:56:16,137/250,2026-09-01 20:45:18,0.003658,0.012169,0.014646,0.004715,False,0.00000100,435.64,8886773,64,42
ModelDenseNet121_fvs_geo_300k_RMSELoss_20260901_035616,ModelDenseNet121_fvs_geo_300k_RMSELoss,RMSELoss,2026-09-01 03:56:16,138/250,2026-09-01 20:52:34,0.003664,0.012195,0.014658,0.004770,False,0.00000100,435.89,8886773,64,42
ModelDenseNet121_fvs_geo_300k_RMSELoss_20260901_035616,ModelDenseNet121_fvs_geo_300k_RMSELoss,RMSELoss,2026-09-01 03:56:16,139/250,2026-09-01 20:59:51,0.003656,0.012137,0.014621,0.004693,False,0.00000100,436.51,8886773,64,42
ModelEfficientNetB0_fvs_geo_300k_RMSELoss_20260901_205951,ModelEfficientNetB0_fvs_geo_300k_RMSELoss,RMSELoss,2026-09-01 20:59:51,1/250,2026-09-01 21:08:34,0.115689,0.095867,0.096399,0.075660,True,0.00008400,522.22,6211313,64,42
ModelEfficientNetB0_fvs_geo_300k_RMSELoss_20260901_205951,ModelEfficientNetB0_fvs_geo_300k_RMSELoss,RMSELoss,2026-09-01 20:59:51,2/250,2026-09-01 21:16:01,0.094254,0.086176,0.086637,0.068010,True,0.00013800,428.45,6211313,64,42
ModelEfficientNetB0_fvs_geo_300k_RMSELoss_20260901_205951,ModelEfficientNetB0_fvs_geo_300k_RMSELoss,RMSELoss,2026-09-01 20:59:51,3/250,2026-09-01 21:23:15,0.085807,0.080331,0.080783,0.063826,True,0.00019200,426.57,6211313,64,42
ModelEfficientNetB0_fvs_geo_300k_RMSELoss_20260901_205951,ModelEfficientNetB0_fvs_geo_300k_RMSELoss,RMSELoss,2026-09-01 20:59:51,4/250,2026-09-01 21:30:26,0.080276,0.075161,0.075593,0.059480,True,0.00024600,423.94,6211313,64,42
ModelEfficientNetB0_fvs_geo_300k_RMSELoss_20260901_205951,ModelEfficientNetB0_fvs_geo_300k_RMSELoss,RMSELoss,2026-09-01 20:59:51,5/250,2026-09-01 21:37:39,0.075916,0.071123,0.071506,0.056362,True,0.00030000,425.64,6211313,64,42
ModelEfficientNetB0_fvs_geo_300k_RMSELoss_20260901_205951,ModelEfficientNetB0_fvs_geo_300k_RMSELoss,RMSELoss,2026-09-01 20:59:51,6/250,2026-09-01 21:44:55,0.072569,0.073466,0.073800,0.059053,False,0.00029994,428.22,6211313,64,42
ModelEfficientNetB0_fvs_geo_300k_RMSELoss_20260901_205951,ModelEfficientNetB0_fvs_geo_300k_RMSELoss,RMSELoss,2026-09-01 20:59:51,7/250,2026-09-01 21:51:59,0.067869,0.065284,0.065648,0.051806,True,0.00029978,424.65,6211313,64,42
ModelEfficientNetB0_fvs_geo_300k_RMSELoss_20260901_205951,ModelEfficientNetB0_fvs_geo_300k_RMSELoss,RMSELoss,2026-09-01 20:59:51,8/250,2026-09-01 21:59:12,0.063458,0.062121,0.062456,0.049526,True,0.00029950,425.01,6211313,64,42
ModelEfficientNetB0_fvs_geo_300k_RMSELoss_20260901_205951,ModelEfficientNetB0_fvs_geo_300k_RMSELoss,RMSELoss,2026-09-01 20:59:51,9/250,2026-09-01 22:06:27,0.059823,0.060542,0.060897,0.048160,True,0.00029911,427.73,6211313,64,42
ModelEfficientNetB0_fvs_geo_300k_RMSELoss_20260901_205951,ModelEfficientNetB0_fvs_geo_300k_RMSELoss,RMSELoss,2026-09-01 20:59:51,10/250,2026-09-01 22:13:42,0.056681,0.056347,0.056649,0.045342,True,0.00029861,427.86,6211313,64,42
ModelEfficientNetB0_fvs_geo_300k_RMSELoss_20260901_205951,ModelEfficientNetB0_fvs_geo_300k_RMSELoss,RMSELoss,2026-09-01 20:59:51,11/250,2026-09-01 22:20:55,0.053785,0.057704,0.058010,0.046451,False,0.00029800,426.17,6211313,64,42
ModelEfficientNetB0_fvs_geo_300k_RMSELoss_20260901_205951,ModelEfficientNetB0_fvs_geo_300k_RMSELoss,RMSELoss,2026-09-01 20:59:51,12/250,2026-09-01 22:28:01,0.051166,0.052105,0.052369,0.042109,True,0.00029727,425.09,6211313,64,42
ModelEfficientNetB0_fvs_geo_300k_RMSELoss_20260901_205951,ModelEfficientNetB0_fvs_geo_300k_RMSELoss,RMSELoss,2026-09-01 20:59:51,13/250,2026-09-01 22:35:15,0.048814,0.050054,0.050341,0.040553,True,0.00029644,427.01,6211313,64,42
ModelEfficientNetB0_fvs_geo_300k_RMSELoss_20260901_205951,ModelEfficientNetB0_fvs_geo_300k_RMSELoss,RMSELoss,2026-09-01 20:59:51,14/250,2026-09-01 22:42:29,0.046556,0.047320,0.047605,0.038281,True,0.00029550,426.46,6211313,64,42
ModelEfficientNetB0_fvs_geo_300k_RMSELoss_20260901_205951,ModelEfficientNetB0_fvs_geo_300k_RMSELoss,RMSELoss,2026-09-01 20:59:51,15/250,2026-09-01 22:49:44,0.044592,0.045368,0.045654,0.036720,True,0.00029446,428.36,6211313,64,42
ModelEfficientNetB0_fvs_geo_300k_RMSELoss_20260901_205951,ModelEfficientNetB0_fvs_geo_300k_RMSELoss,RMSELoss,2026-09-01 20:59:51,16/250,2026-09-01 22:56:57,0.042716,0.045698,0.045998,0.037003,False,0.00029330,426.06,6211313,64,42
ModelEfficientNetB0_fvs_geo_300k_RMSELoss_20260901_205951,ModelEfficientNetB0_fvs_geo_300k_RMSELoss,RMSELoss,2026-09-01 20:59:51,17/250,2026-09-01 23:04:03,0.041003,0.044063,0.044365,0.035647,True,0.00029204,425.90,6211313,64,42
ModelEfficientNetB0_fvs_geo_300k_RMSELoss_20260901_205951,ModelEfficientNetB0_fvs_geo_300k_RMSELoss,RMSELoss,2026-09-01 20:59:51,18/250,2026-09-01 23:11:18,0.039444,0.042963,0.043276,0.034672,True,0.00029067,427.18,6211313,64,42
ModelEfficientNetB0_fvs_geo_300k_RMSELoss_20260901_205951,ModelEfficientNetB0_fvs_geo_300k_RMSELoss,RMSELoss,2026-09-01 20:59:51,19/250,2026-09-01 23:18:33,0.037981,0.040209,0.040518,0.032669,True,0.00028920,427.57,6211313,64,42
ModelEfficientNetB0_fvs_geo_300k_RMSELoss_20260901_205951,ModelEfficientNetB0_fvs_geo_300k_RMSELoss,RMSELoss,2026-09-01 20:59:51,20/250,2026-09-01 23:25:48,0.036820,0.039260,0.039608,0.031630,True,0.00028762,428.39,6211313,64,42
ModelEfficientNetB0_fvs_geo_300k_RMSELoss_20260901_205951,ModelEfficientNetB0_fvs_geo_300k_RMSELoss,RMSELoss,2026-09-01 20:59:51,21/250,2026-09-01 23:33:03,0.035425,0.038280,0.038594,0.031232,True,0.00028595,427.47,6211313,64,42
ModelEfficientNetB0_fvs_geo_300k_RMSELoss_20260901_205951,ModelEfficientNetB0_fvs_geo_300k_RMSELoss,RMSELoss,2026-09-01 20:59:51,22/250,2026-09-01 23:40:17,0.034360,0.037119,0.037457,0.030102,True,0.00028417,426.99,6211313,64,42
ModelEfficientNetB0_fvs_geo_300k_RMSELoss_20260901_205951,ModelEfficientNetB0_fvs_geo_300k_RMSELoss,RMSELoss,2026-09-01 20:59:51,23/250,2026-09-01 23:47:31,0.033668,0.035826,0.036217,0.028957,True,0.00028229,426.47,6211313,64,42
ModelEfficientNetB0_fvs_geo_300k_RMSELoss_20260901_205951,ModelEfficientNetB0_fvs_geo_300k_RMSELoss,RMSELoss,2026-09-01 20:59:51,24/250,2026-09-01 23:54:46,0.032434,0.035603,0.035960,0.028913,True,0.00028031,428.02,6211313,64,42
ModelEfficientNetB0_fvs_geo_300k_RMSELoss_20260901_205951,ModelEfficientNetB0_fvs_geo_300k_RMSELoss,RMSELoss,2026-09-01 20:59:51,25/250,2026-09-02 00:02:01,0.031662,0.035232,0.035608,0.028318,True,0.00027824,427.00,6211313,64,42
ModelEfficientNetB0_fvs_geo_300k_RMSELoss_20260901_205951,ModelEfficientNetB0_fvs_geo_300k_RMSELoss,RMSELoss,2026-09-01 20:59:51,26/250,2026-09-02 00:09:20,0.030668,0.033531,0.033937,0.026926,True,0.00027607,431.83,6211313,64,42
ModelEfficientNetB0_fvs_geo_300k_RMSELoss_20260901_205951,ModelEfficientNetB0_fvs_geo_300k_RMSELoss,RMSELoss,2026-09-01 20:59:51,27/250,2026-09-02 00:16:39,0.029800,0.032047,0.032495,0.025634,True,0.00027380,431.76,6211313,64,42
ModelEfficientNetB0_fvs_geo_300k_RMSELoss_20260901_205951,ModelEfficientNetB0_fvs_geo_300k_RMSELoss,RMSELoss,2026-09-01 20:59:51,28/250,2026-09-02 00:23:57,0.029080,0.032642,0.033072,0.026175,False,0.00027145,430.33,6211313,64,42
ModelEfficientNetB0_fvs_geo_300k_RMSELoss_20260901_205951,ModelEfficientNetB0_fvs_geo_300k_RMSELoss,RMSELoss,2026-09-01 20:59:51,29/250,2026-09-02 00:31:07,0.028412,0.031530,0.031965,0.025225,True,0.00026900,429.64,6211313,64,42
ModelEfficientNetB0_fvs_geo_300k_RMSELoss_20260901_205951,ModelEfficientNetB0_fvs_geo_300k_RMSELoss,RMSELoss,2026-09-01 20:59:51,30/250,2026-09-02 00:38:23,0.027789,0.031107,0.031603,0.024782,True,0.00026647,428.81,6211313,64,42
ModelEfficientNetB0_fvs_geo_300k_RMSELoss_20260901_205951,ModelEfficientNetB0_fvs_geo_300k_RMSELoss,RMSELoss,2026-09-01 20:59:51,31/250,2026-09-02 00:45:36,0.027015,0.030296,0.030786,0.024071,True,0.00026385,426.10,6211313,64,42
ModelEfficientNetB0_fvs_geo_300k_RMSELoss_20260901_205951,ModelEfficientNetB0_fvs_geo_300k_RMSELoss,RMSELoss,2026-09-01 20:59:51,32/250,2026-09-02 00:52:50,0.026401,0.029668,0.030197,0.023478,True,0.00026114,426.61,6211313,64,42
ModelEfficientNetB0_fvs_geo_300k_RMSELoss_20260901_205951,ModelEfficientNetB0_fvs_geo_300k_RMSELoss,RMSELoss,2026-09-01 20:59:51,33/250,2026-09-02 01:00:06,0.026026,0.029051,0.029566,0.023073,True,0.00025836,428.51,6211313,64,42
ModelEfficientNetB0_fvs_geo_300k_RMSELoss_20260901_205951,ModelEfficientNetB0_fvs_geo_300k_RMSELoss,RMSELoss,2026-09-01 20:59:51,34/250,2026-09-02 01:07:19,0.025292,0.028641,0.029147,0.022632,True,0.00025549,425.25,6211313,64,42
ModelEfficientNetB0_fvs_geo_300k_RMSELoss_20260901_205951,ModelEfficientNetB0_fvs_geo_300k_RMSELoss,RMSELoss,2026-09-01 20:59:51,35/250,2026-09-02 01:14:33,0.024703,0.028166,0.028681,0.022217,True,0.00025254,427.11,6211313,64,42
ModelEfficientNetB0_fvs_geo_300k_RMSELoss_20260901_205951,ModelEfficientNetB0_fvs_geo_300k_RMSELoss,RMSELoss,2026-09-01 20:59:51,36/250,2026-09-02 01:21:47,0.024038,0.028592,0.029077,0.022455,False,0.00024952,426.65,6211313,64,42
ModelEfficientNetB0_fvs_geo_300k_RMSELoss_20260901_205951,ModelEfficientNetB0_fvs_geo_300k_RMSELoss,RMSELoss,2026-09-01 20:59:51,37/250,2026-09-02 01:28:56,0.023747,0.028175,0.028737,0.022125,False,0.00024642,428.57,6211313,64,42
ModelEfficientNetB0_fvs_geo_300k_RMSELoss_20260901_205951,ModelEfficientNetB0_fvs_geo_300k_RMSELoss,RMSELoss,2026-09-01 20:59:51,38/250,2026-09-02 01:36:03,0.023311,0.026904,0.027448,0.020989,True,0.00024325,427.19,6211313,64,42
ModelEfficientNetB0_fvs_geo_300k_RMSELoss_20260901_205951,ModelEfficientNetB0_fvs_geo_300k_RMSELoss,RMSELoss,2026-09-01 20:59:51,39/250,2026-09-02 01:43:18,0.022730,0.026393,0.027003,0.020477,True,0.00024002,427.44,6211313,64,42
ModelEfficientNetB0_fvs_geo_300k_RMSELoss_20260901_205951,ModelEfficientNetB0_fvs_geo_300k_RMSELoss,RMSELoss,2026-09-01 20:59:51,40/250,2026-09-02 01:50:31,0.022220,0.025542,0.026212,0.019759,True,0.00023671,425.68,6211313,64,42
ModelEfficientNetB0_fvs_geo_300k_RMSELoss_20260901_205951,ModelEfficientNetB0_fvs_geo_300k_RMSELoss,RMSELoss,2026-09-01 20:59:51,41/250,2026-09-02 01:57:44,0.021732,0.025963,0.026630,0.020094,False,0.00023335,425.48,6211313,64,42
ModelEfficientNetB0_fvs_geo_300k_RMSELoss_20260901_205951,ModelEfficientNetB0_fvs_geo_300k_RMSELoss,RMSELoss,2026-09-01 20:59:51,42/250,2026-09-02 02:04:53,0.021566,0.025576,0.026233,0.019743,False,0.00022992,428.92,6211313,64,42
ModelEfficientNetB0_fvs_geo_300k_RMSELoss_20260901_205951,ModelEfficientNetB0_fvs_geo_300k_RMSELoss,RMSELoss,2026-09-01 20:59:51,43/250,2026-09-02 02:11:59,0.020971,0.024871,0.025486,0.019189,True,0.00022643,426.50,6211313,64,42
ModelEfficientNetB0_fvs_geo_300k_RMSELoss_20260901_205951,ModelEfficientNetB0_fvs_geo_300k_RMSELoss,RMSELoss,2026-09-01 20:59:51,44/250,2026-09-02 02:19:13,0.020405,0.024010,0.024699,0.018290,True,0.00022288,426.81,6211313,64,42
ModelEfficientNetB0_fvs_geo_300k_RMSELoss_20260901_205951,ModelEfficientNetB0_fvs_geo_300k_RMSELoss,RMSELoss,2026-09-01 20:59:51,45/250,2026-09-02 02:26:27,0.020116,0.024254,0.024968,0.018558,False,0.00021928,426.67,6211313,64,42
ModelEfficientNetB0_fvs_geo_300k_RMSELoss_20260901_205951,ModelEfficientNetB0_fvs_geo_300k_RMSELoss,RMSELoss,2026-09-01 20:59:51,46/250,2026-09-02 02:33:35,0.019694,0.024111,0.024858,0.018282,False,0.00021563,427.84,6211313,64,42
ModelEfficientNetB0_fvs_geo_300k_RMSELoss_20260901_205951,ModelEfficientNetB0_fvs_geo_300k_RMSELoss,RMSELoss,2026-09-01 20:59:51,47/250,2026-09-02 02:40:43,0.019321,0.022979,0.023749,0.017297,True,0.00021193,427.19,6211313,64,42
ModelEfficientNetB0_fvs_geo_300k_RMSELoss_20260901_205951,ModelEfficientNetB0_fvs_geo_300k_RMSELoss,RMSELoss,2026-09-01 20:59:51,48/250,2026-09-02 02:47:57,0.018966,0.023004,0.023768,0.017378,False,0.00020818,427.11,6211313,64,42
ModelEfficientNetB0_fvs_geo_300k_RMSELoss_20260901_205951,ModelEfficientNetB0_fvs_geo_300k_RMSELoss,RMSELoss,2026-09-01 20:59:51,49/250,2026-09-02 02:55:04,0.018450,0.022841,0.023647,0.017132,True,0.00020439,427.21,6211313,64,42
ModelEfficientNetB0_fvs_geo_300k_RMSELoss_20260901_205951,ModelEfficientNetB0_fvs_geo_300k_RMSELoss,RMSELoss,2026-09-01 20:59:51,50/250,2026-09-02 03:02:18,0.018151,0.022790,0.023545,0.017089,True,0.00020056,426.00,6211313,64,42
ModelEfficientNetB0_fvs_geo_300k_RMSELoss_20260901_205951,ModelEfficientNetB0_fvs_geo_300k_RMSELoss,RMSELoss,2026-09-01 20:59:51,51/250,2026-09-02 03:09:32,0.017870,0.022193,0.023013,0.016519,True,0.00019670,426.76,6211313,64,42
ModelEfficientNetB0_fvs_geo_300k_RMSELoss_20260901_205951,ModelEfficientNetB0_fvs_geo_300k_RMSELoss,RMSELoss,2026-09-01 20:59:51,52/250,2026-09-02 03:16:46,0.017479,0.022290,0.023120,0.016617,False,0.00019280,427.13,6211313,64,42
ModelEfficientNetB0_fvs_geo_300k_RMSELoss_20260901_205951,ModelEfficientNetB0_fvs_geo_300k_RMSELoss,RMSELoss,2026-09-01 20:59:51,53/250,2026-09-02 03:23:54,0.017205,0.021272,0.022109,0.015657,True,0.00018886,427.67,6211313,64,42
ModelEfficientNetB0_fvs_geo_300k_RMSELoss_20260901_205951,ModelEfficientNetB0_fvs_geo_300k_RMSELoss,RMSELoss,2026-09-01 20:59:51,54/250,2026-09-02 03:31:09,0.016942,0.021263,0.022126,0.015727,False,0.00018490,427.81,6211313,64,42
ModelEfficientNetB0_fvs_geo_300k_RMSELoss_20260901_205951,ModelEfficientNetB0_fvs_geo_300k_RMSELoss,RMSELoss,2026-09-01 20:59:51,55/250,2026-09-02 03:38:17,0.016550,0.021353,0.022212,0.015650,False,0.00018092,427.55,6211313,64,42
ModelEfficientNetB0_fvs_geo_300k_RMSELoss_20260901_205951,ModelEfficientNetB0_fvs_geo_300k_RMSELoss,RMSELoss,2026-09-01 20:59:51,56/250,2026-09-02 03:45:25,0.016168,0.020804,0.021767,0.015037,True,0.00017691,428.37,6211313,64,42
ModelEfficientNetB0_fvs_geo_300k_RMSELoss_20260901_205951,ModelEfficientNetB0_fvs_geo_300k_RMSELoss,RMSELoss,2026-09-01 20:59:51,57/250,2026-09-02 03:52:40,0.015797,0.020846,0.021727,0.015054,True,0.00017288,427.30,6211313,64,42
ModelEfficientNetB0_fvs_geo_300k_RMSELoss_20260901_205951,ModelEfficientNetB0_fvs_geo_300k_RMSELoss,RMSELoss,2026-09-01 20:59:51,58/250,2026-09-02 03:59:53,0.015629,0.020643,0.021621,0.014922,True,0.00016883,425.76,6211313,64,42
ModelEfficientNetB0_fvs_geo_300k_RMSELoss_20260901_205951,ModelEfficientNetB0_fvs_geo_300k_RMSELoss,RMSELoss,2026-09-01 20:59:51,59/250,2026-09-02 04:07:08,0.015363,0.020691,0.021578,0.014978,True,0.00016477,426.74,6211313,64,42
ModelEfficientNetB0_fvs_geo_300k_RMSELoss_20260901_205951,ModelEfficientNetB0_fvs_geo_300k_RMSELoss,RMSELoss,2026-09-01 20:59:51,60/250,2026-09-02 04:14:25,0.014943,0.020355,0.021456,0.014548,True,0.00016070,429.63,6211313,64,42
ModelEfficientNetB0_fvs_geo_300k_RMSELoss_20260901_205951,ModelEfficientNetB0_fvs_geo_300k_RMSELoss,RMSELoss,2026-09-01 20:59:51,61/250,2026-09-02 04:21:40,0.014678,0.019896,0.020938,0.014152,True,0.00015662,428.30,6211313,64,42
ModelEfficientNetB0_fvs_geo_300k_RMSELoss_20260901_205951,ModelEfficientNetB0_fvs_geo_300k_RMSELoss,RMSELoss,2026-09-01 20:59:51,62/250,2026-09-02 04:28:58,0.014353,0.020847,0.021801,0.014884,False,0.00015254,429.79,6211313,64,42
ModelEfficientNetB0_fvs_geo_300k_RMSELoss_20260901_205951,ModelEfficientNetB0_fvs_geo_300k_RMSELoss,RMSELoss,2026-09-01 20:59:51,63/250,2026-09-02 04:36:08,0.014049,0.019516,0.020568,0.013736,True,0.00014846,429.60,6211313,64,42
ModelEfficientNetB0_fvs_geo_300k_RMSELoss_20260901_205951,ModelEfficientNetB0_fvs_geo_300k_RMSELoss,RMSELoss,2026-09-01 20:59:51,64/250,2026-09-02 04:43:26,0.013785,0.019532,0.020621,0.013596,False,0.00014438,430.54,6211313,64,42
ModelEfficientNetB0_fvs_geo_300k_RMSELoss_20260901_205951,ModelEfficientNetB0_fvs_geo_300k_RMSELoss,RMSELoss,2026-09-01 20:59:51,65/250,2026-09-02 04:50:35,0.013713,0.019206,0.020242,0.013461,True,0.00014030,429.04,6211313,64,42
ModelEfficientNetB0_fvs_geo_300k_RMSELoss_20260901_205951,ModelEfficientNetB0_fvs_geo_300k_RMSELoss,RMSELoss,2026-09-01 20:59:51,66/250,2026-09-02 04:57:51,0.013331,0.018583,0.019720,0.012769,True,0.00013623,428.84,6211313,64,42
ModelEfficientNetB0_fvs_geo_300k_RMSELoss_20260901_205951,ModelEfficientNetB0_fvs_geo_300k_RMSELoss,RMSELoss,2026-09-01 20:59:51,67/250,2026-09-02 05:05:05,0.013065,0.018337,0.019430,0.012565,True,0.00013217,426.79,6211313,64,42
ModelEfficientNetB0_fvs_geo_300k_RMSELoss_20260901_205951,ModelEfficientNetB0_fvs_geo_300k_RMSELoss,RMSELoss,2026-09-01 20:59:51,68/250,2026-09-02 05:12:19,0.012774,0.018263,0.019440,0.012430,False,0.00012812,426.39,6211313,64,42
ModelEfficientNetB0_fvs_geo_300k_RMSELoss_20260901_205951,ModelEfficientNetB0_fvs_geo_300k_RMSELoss,RMSELoss,2026-09-01 20:59:51,69/250,2026-09-02 05:19:27,0.012546,0.018219,0.019451,0.012273,False,0.00012409,428.20,6211313,64,42
ModelEfficientNetB0_fvs_geo_300k_RMSELoss_20260901_205951,ModelEfficientNetB0_fvs_geo_300k_RMSELoss,RMSELoss,2026-09-01 20:59:51,70/250,2026-09-02 05:26:34,0.012378,0.017877,0.019105,0.012034,True,0.00012008,427.36,6211313,64,42
ModelEfficientNetB0_fvs_geo_300k_RMSELoss_20260901_205951,ModelEfficientNetB0_fvs_geo_300k_RMSELoss,RMSELoss,2026-09-01 20:59:51,71/250,2026-09-02 05:33:49,0.012121,0.017869,0.019145,0.011918,False,0.00011610,427.32,6211313,64,42
ModelEfficientNetB0_fvs_geo_300k_RMSELoss_20260901_205951,ModelEfficientNetB0_fvs_geo_300k_RMSELoss,RMSELoss,2026-09-01 20:59:51,72/250,2026-09-02 05:40:57,0.011866,0.017575,0.018823,0.011649,True,0.00011214,427.67,6211313,64,42
ModelEfficientNetB0_fvs_geo_300k_RMSELoss_20260901_205951,ModelEfficientNetB0_fvs_geo_300k_RMSELoss,RMSELoss,2026-09-01 20:59:51,73/250,2026-09-02 05:48:13,0.011521,0.017382,0.018639,0.011557,True,0.00010820,428.45,6211313,64,42
ModelEfficientNetB0_fvs_geo_300k_RMSELoss_20260901_205951,ModelEfficientNetB0_fvs_geo_300k_RMSELoss,RMSELoss,2026-09-01 20:59:51,74/250,2026-09-02 05:55:26,0.011403,0.017158,0.018483,0.011129,True,0.00010430,426.05,6211313,64,42
ModelEfficientNetB0_fvs_geo_300k_RMSELoss_20260901_205951,ModelEfficientNetB0_fvs_geo_300k_RMSELoss,RMSELoss,2026-09-01 20:59:51,75/250,2026-09-02 06:02:40,0.011176,0.017231,0.018587,0.011172,False,0.00010044,426.14,6211313,64,42
ModelEfficientNetB0_fvs_geo_300k_RMSELoss_20260901_205951,ModelEfficientNetB0_fvs_geo_300k_RMSELoss,RMSELoss,2026-09-01 20:59:51,76/250,2026-09-02 06:09:46,0.011034,0.017022,0.018374,0.010977,True,0.00009661,426.35,6211313,64,42
ModelEfficientNetB0_fvs_geo_300k_RMSELoss_20260901_205951,ModelEfficientNetB0_fvs_geo_300k_RMSELoss,RMSELoss,2026-09-01 20:59:51,77/250,2026-09-02 06:16:59,0.010793,0.016800,0.018177,0.010740,True,0.00009282,425.51,6211313,64,42
ModelEfficientNetB0_fvs_geo_300k_RMSELoss_20260901_205951,ModelEfficientNetB0_fvs_geo_300k_RMSELoss,RMSELoss,2026-09-01 20:59:51,78/250,2026-09-02 06:24:14,0.010600,0.016772,0.018182,0.010697,False,0.00008907,427.41,6211313,64,42
ModelEfficientNetB0_fvs_geo_300k_RMSELoss_20260901_205951,ModelEfficientNetB0_fvs_geo_300k_RMSELoss,RMSELoss,2026-09-01 20:59:51,79/250,2026-09-02 06:31:22,0.010396,0.016612,0.018002,0.010603,True,0.00008537,427.86,6211313,64,42
ModelEfficientNetB0_fvs_geo_300k_RMSELoss_20260901_205951,ModelEfficientNetB0_fvs_geo_300k_RMSELoss,RMSELoss,2026-09-01 20:59:51,80/250,2026-09-02 06:38:36,0.010235,0.016994,0.018531,0.010718,False,0.00008172,427.11,6211313,64,42
ModelEfficientNetB0_fvs_geo_300k_RMSELoss_20260901_205951,ModelEfficientNetB0_fvs_geo_300k_RMSELoss,RMSELoss,2026-09-01 20:59:51,81/250,2026-09-02 06:45:45,0.010014,0.016364,0.017842,0.010150,True,0.00007812,428.19,6211313,64,42
ModelEfficientNetB0_fvs_geo_300k_RMSELoss_20260901_205951,ModelEfficientNetB0_fvs_geo_300k_RMSELoss,RMSELoss,2026-09-01 20:59:51,82/250,2026-09-02 06:52:59,0.009901,0.016240,0.017737,0.010078,True,0.00007457,427.46,6211313,64,42
ModelEfficientNetB0_fvs_geo_300k_RMSELoss_20260901_205951,ModelEfficientNetB0_fvs_geo_300k_RMSELoss,RMSELoss,2026-09-01 20:59:51,83/250,2026-09-02 07:00:13,0.009709,0.016072,0.017592,0.009908,True,0.00007108,426.70,6211313,64,42
ModelEfficientNetB0_fvs_geo_300k_RMSELoss_20260901_205951,ModelEfficientNetB0_fvs_geo_300k_RMSELoss,RMSELoss,2026-09-01 20:59:51,84/250,2026-09-02 07:07:27,0.009584,0.016041,0.017603,0.009799,False,0.00006765,426.47,6211313,64,42
ModelEfficientNetB0_fvs_geo_300k_RMSELoss_20260901_205951,ModelEfficientNetB0_fvs_geo_300k_RMSELoss,RMSELoss,2026-09-01 20:59:51,85/250,2026-09-02 07:14:34,0.009397,0.015799,0.017423,0.009544,True,0.00006429,426.24,6211313,64,42
ModelEfficientNetB0_fvs_geo_300k_RMSELoss_20260901_205951,ModelEfficientNetB0_fvs_geo_300k_RMSELoss,RMSELoss,2026-09-01 20:59:51,86/250,2026-09-02 07:21:47,0.009260,0.015793,0.017416,0.009443,False,0.00006098,426.31,6211313,64,42
ModelEfficientNetB0_fvs_geo_300k_RMSELoss_20260901_205951,ModelEfficientNetB0_fvs_geo_300k_RMSELoss,RMSELoss,2026-09-01 20:59:51,87/250,2026-09-02 07:28:55,0.009081,0.015697,0.017364,0.009323,True,0.00005775,427.91,6211313,64,42
ModelEfficientNetB0_fvs_geo_300k_RMSELoss_20260901_205951,ModelEfficientNetB0_fvs_geo_300k_RMSELoss,RMSELoss,2026-09-01 20:59:51,88/250,2026-09-02 07:36:10,0.008939,0.015590,0.017225,0.009289,True,0.00005458,427.11,6211313,64,42
ModelEfficientNetB0_fvs_geo_300k_RMSELoss_20260901_205951,ModelEfficientNetB0_fvs_geo_300k_RMSELoss,RMSELoss,2026-09-01 20:59:51,89/250,2026-09-02 07:43:25,0.008809,0.015497,0.017218,0.009031,False,0.00005148,427.89,6211313,64,42
ModelEfficientNetB0_fvs_geo_300k_RMSELoss_20260901_205951,ModelEfficientNetB0_fvs_geo_300k_RMSELoss,RMSELoss,2026-09-01 20:59:51,90/250,2026-09-02 07:50:33,0.008660,0.015386,0.017071,0.008948,True,0.00004846,427.46,6211313,64,42
ModelEfficientNetB0_fvs_geo_300k_RMSELoss_20260901_205951,ModelEfficientNetB0_fvs_geo_300k_RMSELoss,RMSELoss,2026-09-01 20:59:51,91/250,2026-09-02 07:57:48,0.008542,0.015541,0.017231,0.009152,False,0.00004551,427.56,6211313,64,42
ModelEfficientNetB0_fvs_geo_300k_RMSELoss_20260901_205951,ModelEfficientNetB0_fvs_geo_300k_RMSELoss,RMSELoss,2026-09-01 20:59:51,92/250,2026-09-02 08:04:55,0.008430,0.015345,0.017052,0.008951,True,0.00004264,427.13,6211313,64,42
ModelEfficientNetB0_fvs_geo_300k_RMSELoss_20260901_205951,ModelEfficientNetB0_fvs_geo_300k_RMSELoss,RMSELoss,2026-09-01 20:59:51,93/250,2026-09-02 08:12:09,0.008326,0.015210,0.016990,0.008736,True,0.00003986,426.67,6211313,64,42
ModelEfficientNetB0_fvs_geo_300k_RMSELoss_20260901_205951,ModelEfficientNetB0_fvs_geo_300k_RMSELoss,RMSELoss,2026-09-01 20:59:51,94/250,2026-09-02 08:19:23,0.008209,0.015244,0.017016,0.008736,False,0.00003715,426.62,6211313,64,42
ModelEfficientNetB0_fvs_geo_300k_RMSELoss_20260901_205951,ModelEfficientNetB0_fvs_geo_300k_RMSELoss,RMSELoss,2026-09-01 20:59:51,95/250,2026-09-02 08:26:30,0.008108,0.015116,0.016880,0.008629,True,0.00003453,426.71,6211313,64,42
ModelEfficientNetB0_fvs_geo_300k_RMSELoss_20260901_205951,ModelEfficientNetB0_fvs_geo_300k_RMSELoss,RMSELoss,2026-09-01 20:59:51,96/250,2026-09-02 08:33:46,0.007979,0.014972,0.016800,0.008417,True,0.00003200,428.77,6211313,64,42
ModelEfficientNetB0_fvs_geo_300k_RMSELoss_20260901_205951,ModelEfficientNetB0_fvs_geo_300k_RMSELoss,RMSELoss,2026-09-01 20:59:51,97/250,2026-09-02 08:41:01,0.007876,0.014959,0.016790,0.008412,False,0.00002955,426.89,6211313,64,42
ModelEfficientNetB0_fvs_geo_300k_RMSELoss_20260901_205951,ModelEfficientNetB0_fvs_geo_300k_RMSELoss,RMSELoss,2026-09-01 20:59:51,98/250,2026-09-02 08:48:09,0.007817,0.014899,0.016739,0.008295,True,0.00002720,428.82,6211313,64,42
ModelEfficientNetB0_fvs_geo_300k_RMSELoss_20260901_205951,ModelEfficientNetB0_fvs_geo_300k_RMSELoss,RMSELoss,2026-09-01 20:59:51,99/250,2026-09-02 08:55:25,0.007719,0.014684,0.016543,0.008085,True,0.00002493,427.82,6211313,64,42
ModelEfficientNetB0_fvs_geo_300k_RMSELoss_20260901_205951,ModelEfficientNetB0_fvs_geo_300k_RMSELoss,RMSELoss,2026-09-01 20:59:51,100/250,2026-09-02 09:02:40,0.007616,0.014769,0.016623,0.008132,False,0.00002276,427.71,6211313,64,42
ModelEfficientNetB0_fvs_geo_300k_RMSELoss_20260901_205951,ModelEfficientNetB0_fvs_geo_300k_RMSELoss,RMSELoss,2026-09-01 20:59:51,101/250,2026-09-02 09:09:47,0.007586,0.014697,0.016588,0.008050,False,0.00002069,427.33,6211313,64,42
ModelEfficientNetB0_fvs_geo_300k_RMSELoss_20260901_205951,ModelEfficientNetB0_fvs_geo_300k_RMSELoss,RMSELoss,2026-09-01 20:59:51,102/250,2026-09-02 09:16:55,0.007501,0.014563,0.016486,0.007856,True,0.00001871,427.39,6211313,64,42
ModelEfficientNetB0_fvs_geo_300k_RMSELoss_20260901_205951,ModelEfficientNetB0_fvs_geo_300k_RMSELoss,RMSELoss,2026-09-01 20:59:51,103/250,2026-09-02 09:24:09,0.007439,0.014628,0.016553,0.007933,False,0.00001683,427.25,6211313,64,42
ModelEfficientNetB0_fvs_geo_300k_RMSELoss_20260901_205951,ModelEfficientNetB0_fvs_geo_300k_RMSELoss,RMSELoss,2026-09-01 20:59:51,104/250,2026-09-02 09:31:16,0.007371,0.014611,0.016525,0.007910,False,0.00001505,426.43,6211313,64,42
ModelEfficientNetB0_fvs_geo_300k_RMSELoss_20260901_205951,ModelEfficientNetB0_fvs_geo_300k_RMSELoss,RMSELoss,2026-09-01 20:59:51,105/250,2026-09-02 09:38:24,0.007336,0.014492,0.016436,0.007758,True,0.00001338,427.90,6211313,64,42
ModelEfficientNetB0_fvs_geo_300k_RMSELoss_20260901_205951,ModelEfficientNetB0_fvs_geo_300k_RMSELoss,RMSELoss,2026-09-01 20:59:51,106/250,2026-09-02 09:45:39,0.007274,0.014473,0.016421,0.007712,False,0.00001180,427.25,6211313,64,42
ModelEfficientNetB0_fvs_geo_300k_RMSELoss_20260901_205951,ModelEfficientNetB0_fvs_geo_300k_RMSELoss,RMSELoss,2026-09-01 20:59:51,107/250,2026-09-02 09:52:47,0.007242,0.014482,0.016436,0.007711,False,0.00001033,428.03,6211313,64,42
ModelEfficientNetB0_fvs_geo_300k_RMSELoss_20260901_205951,ModelEfficientNetB0_fvs_geo_300k_RMSELoss,RMSELoss,2026-09-01 20:59:51,108/250,2026-09-02 09:59:55,0.007178,0.014447,0.016390,0.007696,True,0.00000896,428.55,6211313,64,42
ModelEfficientNetB0_fvs_geo_300k_RMSELoss_20260901_205951,ModelEfficientNetB0_fvs_geo_300k_RMSELoss,RMSELoss,2026-09-01 20:59:51,109/250,2026-09-02 10:07:10,0.007151,0.014402,0.016368,0.007604,True,0.00000770,426.82,6211313,64,42
ModelEfficientNetB0_fvs_geo_300k_RMSELoss_20260901_205951,ModelEfficientNetB0_fvs_geo_300k_RMSELoss,RMSELoss,2026-09-01 20:59:51,110/250,2026-09-02 10:14:24,0.007116,0.014381,0.016364,0.007569,False,0.00000654,427.43,6211313,64,42
ModelEfficientNetB0_fvs_geo_300k_RMSELoss_20260901_205951,ModelEfficientNetB0_fvs_geo_300k_RMSELoss,RMSELoss,2026-09-01 20:59:51,111/250,2026-09-02 10:21:32,0.007080,0.014338,0.016328,0.007532,True,0.00000550,427.08,6211313,64,42
ModelEfficientNetB0_fvs_geo_300k_RMSELoss_20260901_205951,ModelEfficientNetB0_fvs_geo_300k_RMSELoss,RMSELoss,2026-09-01 20:59:51,112/250,2026-09-02 10:28:45,0.007052,0.014339,0.016329,0.007513,False,0.00000456,426.05,6211313,64,42
ModelEfficientNetB0_fvs_geo_300k_RMSELoss_20260901_205951,ModelEfficientNetB0_fvs_geo_300k_RMSELoss,RMSELoss,2026-09-01 20:59:51,113/250,2026-09-02 10:35:52,0.007050,0.014364,0.016359,0.007541,False,0.00000373,426.75,6211313,64,42
ModelEfficientNetB0_fvs_geo_300k_RMSELoss_20260901_205951,ModelEfficientNetB0_fvs_geo_300k_RMSELoss,RMSELoss,2026-09-01 20:59:51,114/250,2026-09-02 10:43:01,0.007002,0.014323,0.016321,0.007496,False,0.00000300,428.65,6211313,64,42
ModelEfficientNetB0_fvs_geo_300k_RMSELoss_20260901_205951,ModelEfficientNetB0_fvs_geo_300k_RMSELoss,RMSELoss,2026-09-01 20:59:51,115/250,2026-09-02 10:50:08,0.006995,0.014317,0.016307,0.007482,True,0.00000239,426.83,6211313,64,42
ModelEfficientNetB0_fvs_geo_300k_RMSELoss_20260901_205951,ModelEfficientNetB0_fvs_geo_300k_RMSELoss,RMSELoss,2026-09-01 20:59:51,116/250,2026-09-02 10:57:23,0.006996,0.014281,0.016273,0.007454,True,0.00000189,427.98,6211313,64,42
ModelEfficientNetB0_fvs_geo_300k_RMSELoss_20260901_205951,ModelEfficientNetB0_fvs_geo_300k_RMSELoss,RMSELoss,2026-09-01 20:59:51,117/250,2026-09-02 11:04:38,0.006971,0.014340,0.016333,0.007509,False,0.00000150,427.90,6211313,64,42
ModelEfficientNetB0_fvs_geo_300k_RMSELoss_20260901_205951,ModelEfficientNetB0_fvs_geo_300k_RMSELoss,RMSELoss,2026-09-01 20:59:51,118/250,2026-09-02 11:11:46,0.006948,0.014316,0.016311,0.007475,False,0.00000122,427.43,6211313,64,42
ModelEfficientNetB0_fvs_geo_300k_RMSELoss_20260901_205951,ModelEfficientNetB0_fvs_geo_300k_RMSELoss,RMSELoss,2026-09-01 20:59:51,119/250,2026-09-02 11:18:52,0.006968,0.014314,0.016314,0.007453,False,0.00000106,426.40,6211313,64,42
ModelEfficientNetB0_fvs_geo_300k_RMSELoss_20260901_205951,ModelEfficientNetB0_fvs_geo_300k_RMSELoss,RMSELoss,2026-09-01 20:59:51,120/250,2026-09-02 11:26:02,0.006955,0.014320,0.016321,0.007478,False,0.00000100,429.42,6211313,64,42
ModelEfficientNetB0_fvs_geo_300k_RMSELoss_20260901_205951,ModelEfficientNetB0_fvs_geo_300k_RMSELoss,RMSELoss,2026-09-01 20:59:51,121/250,2026-09-02 11:33:14,0.006946,0.014302,0.016313,0.007483,False,0.00000100,431.90,6211313,64,42
ModelEfficientNetB0_fvs_geo_300k_RMSELoss_20260901_205951,ModelEfficientNetB0_fvs_geo_300k_RMSELoss,RMSELoss,2026-09-01 20:59:51,122/250,2026-09-02 11:40:23,0.006932,0.014316,0.016312,0.007463,False,0.00000100,428.69,6211313,64,42
ModelEfficientNetB0_fvs_geo_300k_RMSELoss_20260901_205951,ModelEfficientNetB0_fvs_geo_300k_RMSELoss,RMSELoss,2026-09-01 20:59:51,123/250,2026-09-02 11:47:36,0.006926,0.014303,0.016309,0.007462,False,0.00000100,433.26,6211313,64,42
ModelEfficientNetB0_fvs_geo_300k_RMSELoss_20260901_205951,ModelEfficientNetB0_fvs_geo_300k_RMSELoss,RMSELoss,2026-09-01 20:59:51,124/250,2026-09-02 11:54:47,0.006924,0.014267,0.016289,0.007400,False,0.00000100,430.90,6211313,64,42
ModelEfficientNetB0_fvs_geo_300k_RMSELoss_20260901_205951,ModelEfficientNetB0_fvs_geo_300k_RMSELoss,RMSELoss,2026-09-01 20:59:51,125/250,2026-09-02 12:01:55,0.006922,0.014286,0.016300,0.007437,False,0.00000100,428.06,6211313,64,42
ModelEfficientNetB0_fvs_geo_300k_RMSELoss_20260901_205951,ModelEfficientNetB0_fvs_geo_300k_RMSELoss,RMSELoss,2026-09-01 20:59:51,126/250,2026-09-02 12:09:05,0.006936,0.014319,0.016321,0.007472,False,0.00000100,429.33,6211313,64,42
ModelEfficientNetB0_fvs_geo_300k_RMSELoss_20260901_205951,ModelEfficientNetB0_fvs_geo_300k_RMSELoss,RMSELoss,2026-09-01 20:59:51,127/250,2026-09-02 12:16:13,0.006936,0.014251,0.016258,0.007396,False,0.00000100,428.17,6211313,64,42
ModelEfficientNetB0_fvs_geo_300k_RMSELoss_20260901_205951,ModelEfficientNetB0_fvs_geo_300k_RMSELoss,RMSELoss,2026-09-01 20:59:51,128/250,2026-09-02 12:23:21,0.006924,0.014255,0.016267,0.007394,False,0.00000100,427.80,6211313,64,42
ModelEfficientNetB0_fvs_geo_300k_RMSELoss_20260901_205951,ModelEfficientNetB0_fvs_geo_300k_RMSELoss,RMSELoss,2026-09-01 20:59:51,129/250,2026-09-02 12:30:27,0.006922,0.014263,0.016266,0.007434,False,0.00000100,426.60,6211313,64,42
ModelEfficientNetB0_fvs_geo_300k_RMSELoss_20260901_205951,ModelEfficientNetB0_fvs_geo_300k_RMSELoss,RMSELoss,2026-09-01 20:59:51,130/250,2026-09-02 12:37:36,0.006905,0.014244,0.016259,0.007357,False,0.00000100,428.26,6211313,64,42
ModelEfficientNetB0_fvs_geo_300k_RMSELoss_20260901_205951,ModelEfficientNetB0_fvs_geo_300k_RMSELoss,RMSELoss,2026-09-01 20:59:51,131/250,2026-09-02 12:44:44,0.006919,0.014267,0.016288,0.007399,False,0.00000100,427.65,6211313,64,42
ModelEfficientNetB0_fvs_geo_300k_RMSELoss_20260901_205951,ModelEfficientNetB0_fvs_geo_300k_RMSELoss,RMSELoss,2026-09-01 20:59:51,132/250,2026-09-02 12:51:52,0.006928,0.014234,0.016250,0.007368,True,0.00000100,428.55,6211313,64,42
ModelEfficientNetB0_fvs_geo_300k_RMSELoss_20260901_205951,ModelEfficientNetB0_fvs_geo_300k_RMSELoss,RMSELoss,2026-09-01 20:59:51,133/250,2026-09-02 12:59:07,0.006920,0.014278,0.016275,0.007428,False,0.00000100,427.12,6211313,64,42
ModelEfficientNetB0_fvs_geo_300k_RMSELoss_20260901_205951,ModelEfficientNetB0_fvs_geo_300k_RMSELoss,RMSELoss,2026-09-01 20:59:51,134/250,2026-09-02 13:06:14,0.006908,0.014250,0.016272,0.007382,False,0.00000100,426.91,6211313,64,42
ModelEfficientNetB0_fvs_geo_300k_RMSELoss_20260901_205951,ModelEfficientNetB0_fvs_geo_300k_RMSELoss,RMSELoss,2026-09-01 20:59:51,135/250,2026-09-02 13:13:22,0.006908,0.014275,0.016285,0.007421,False,0.00000100,428.37,6211313,64,42
ModelEfficientNetB0_fvs_geo_300k_RMSELoss_20260901_205951,ModelEfficientNetB0_fvs_geo_300k_RMSELoss,RMSELoss,2026-09-01 20:59:51,136/250,2026-09-02 13:20:30,0.006911,0.014300,0.016311,0.007457,False,0.00000100,427.60,6211313,64,42
ModelEfficientNetB0_fvs_geo_300k_RMSELoss_20260901_205951,ModelEfficientNetB0_fvs_geo_300k_RMSELoss,RMSELoss,2026-09-01 20:59:51,137/250,2026-09-02 13:27:37,0.006897,0.014295,0.016304,0.007445,False,0.00000100,426.99,6211313,64,42
ModelEfficientNetB0_fvs_geo_300k_RMSELoss_20260901_205951,ModelEfficientNetB0_fvs_geo_300k_RMSELoss,RMSELoss,2026-09-01 20:59:51,138/250,2026-09-02 13:34:43,0.006888,0.014302,0.016311,0.007455,False,0.00000100,426.15,6211313,64,42
ModelEfficientNetB0_fvs_geo_300k_RMSELoss_20260901_205951,ModelEfficientNetB0_fvs_geo_300k_RMSELoss,RMSELoss,2026-09-01 20:59:51,139/250,2026-09-02 13:41:50,0.006905,0.014263,0.016275,0.007409,False,0.00000100,426.32,6211313,64,42
ModelEfficientNetB0_fvs_geo_300k_RMSELoss_20260901_205951,ModelEfficientNetB0_fvs_geo_300k_RMSELoss,RMSELoss,2026-09-01 20:59:51,140/250,2026-09-02 13:48:55,0.006884,0.014267,0.016279,0.007411,False,0.00000100,425.32,6211313,64,42
ModelEfficientNetB0_fvs_geo_300k_RMSELoss_20260901_205951,ModelEfficientNetB0_fvs_geo_300k_RMSELoss,RMSELoss,2026-09-01 20:59:51,141/250,2026-09-02 13:56:04,0.006893,0.014249,0.016254,0.007394,False,0.00000100,428.73,6211313,64,42
ModelEfficientNetB0_fvs_geo_300k_RMSELoss_20260901_205951,ModelEfficientNetB0_fvs_geo_300k_RMSELoss,RMSELoss,2026-09-01 20:59:51,142/250,2026-09-02 14:03:10,0.006888,0.014278,0.016290,0.007412,False,0.00000100,426.40,6211313,64,42
ModelEfficientNetB0_fvs_geo_300k_RMSELoss_20260901_205951,ModelEfficientNetB0_fvs_geo_300k_RMSELoss,RMSELoss,2026-09-01 20:59:51,143/250,2026-09-02 14:10:18,0.006870,0.014251,0.016273,0.007374,False,0.00000100,427.42,6211313,64,42
ModelEfficientNetB0_fvs_geo_300k_RMSELoss_20260901_205951,ModelEfficientNetB0_fvs_geo_300k_RMSELoss,RMSELoss,2026-09-01 20:59:51,144/250,2026-09-02 14:17:26,0.006875,0.014337,0.016329,0.007513,False,0.00000100,427.56,6211313,64,42
ModelEfficientNetB0_fvs_geo_300k_RMSELoss_20260901_205951,ModelEfficientNetB0_fvs_geo_300k_RMSELoss,RMSELoss,2026-09-01 20:59:51,145/250,2026-09-02 14:24:33,0.006871,0.014235,0.016263,0.007351,False,0.00000100,427.69,6211313,64,42
ModelEfficientNetB0_fvs_geo_300k_RMSELoss_20260901_205951,ModelEfficientNetB0_fvs_geo_300k_RMSELoss,RMSELoss,2026-09-01 20:59:51,146/250,2026-09-02 14:31:41,0.006889,0.014234,0.016254,0.007357,False,0.00000100,427.27,6211313,64,42
ModelEfficientNetB0_fvs_geo_300k_RMSELoss_20260901_205951,ModelEfficientNetB0_fvs_geo_300k_RMSELoss,RMSELoss,2026-09-01 20:59:51,147/250,2026-09-02 14:38:47,0.006881,0.014227,0.016261,0.007339,False,0.00000100,426.45,6211313,64,42
ModelEfficientNetB0_fvs_geo_300k_RMSELoss_20260901_205951,ModelEfficientNetB0_fvs_geo_300k_RMSELoss,RMSELoss,2026-09-01 20:59:51,148/250,2026-09-02 14:45:54,0.006873,0.014228,0.016251,0.007350,False,0.00000100,426.05,6211313,64,42
ModelEfficientNetB0_fvs_geo_300k_RMSELoss_20260901_205951,ModelEfficientNetB0_fvs_geo_300k_RMSELoss,RMSELoss,2026-09-01 20:59:51,149/250,2026-09-02 14:53:01,0.006893,0.014260,0.016295,0.007373,False,0.00000100,427.57,6211313,64,42
ModelEfficientNetB0_fvs_geo_300k_RMSELoss_20260901_205951,ModelEfficientNetB0_fvs_geo_300k_RMSELoss,RMSELoss,2026-09-01 20:59:51,150/250,2026-09-02 15:00:11,0.006876,0.014244,0.016264,0.007371,False,0.00000100,429.12,6211313,64,42
ModelEfficientNetB0_fvs_geo_300k_RMSELoss_20260901_205951,ModelEfficientNetB0_fvs_geo_300k_RMSELoss,RMSELoss,2026-09-01 20:59:51,151/250,2026-09-02 15:07:17,0.006898,0.014261,0.016272,0.007416,False,0.00000100,426.47,6211313,64,42
ModelEfficientNetB0_fvs_geo_300k_RMSELoss_20260901_205951,ModelEfficientNetB0_fvs_geo_300k_RMSELoss,RMSELoss,2026-09-01 20:59:51,152/250,2026-09-02 15:14:25,0.006891,0.014239,0.016262,0.007374,False,0.00000100,427.33,6211313,64,42
ModelEfficientNetB0_fvs_geo_300k_RMSELoss_20260901_205951,ModelEfficientNetB0_fvs_geo_300k_RMSELoss,RMSELoss,2026-09-01 20:59:51,153/250,2026-09-02 15:21:32,0.006857,0.014246,0.016269,0.007390,False,0.00000100,427.58,6211313,64,42
ModelEfficientNetB0_fvs_geo_300k_RMSELoss_20260901_205951,ModelEfficientNetB0_fvs_geo_300k_RMSELoss,RMSELoss,2026-09-01 20:59:51,154/250,2026-09-02 15:28:41,0.006873,0.014234,0.016258,0.007346,False,0.00000100,428.76,6211313,64,42
ModelEfficientNetB0_fvs_geo_300k_RMSELoss_20260901_205951,ModelEfficientNetB0_fvs_geo_300k_RMSELoss,RMSELoss,2026-09-01 20:59:51,155/250,2026-09-02 15:35:48,0.006866,0.014235,0.016268,0.007339,False,0.00000100,427.14,6211313,64,42
ModelEfficientNetB0_fvs_geo_300k_RMSELoss_20260901_205951,ModelEfficientNetB0_fvs_geo_300k_RMSELoss,RMSELoss,2026-09-01 20:59:51,156/250,2026-09-02 15:42:55,0.006878,0.014266,0.016278,0.007398,False,0.00000100,426.99,6211313,64,42
ModelEfficientNetB0_fvs_geo_300k_RMSELoss_20260901_205951,ModelEfficientNetB0_fvs_geo_300k_RMSELoss,RMSELoss,2026-09-01 20:59:51,157/250,2026-09-02 15:50:02,0.006871,0.014294,0.016310,0.007430,False,0.00000100,426.55,6211313,64,42
